AID, Japanese Tag, English Tag
A001,"閲覧設定","View settings"
A002,"通知設定","Notification settings"
A003,"暗号化","Encryption"
A004,"配布方法","Distribution method"
A005,"配布時期","Distribution time"
A006,"ダウンロード","Download"
A007,"文字化け","Gray"
A008,"アップロード権限","Upload authority"
A009,"アップロード方法","Upload method"
A010,"締切後の再提出","Resubmission after deadline"
A011,"締切後の締切の変更","Change of deadline after deadline"
A012,"閲覧設定","View settings"
A013,"ファイル提出","File submission"
A014,"コース間コピー","Copy between courses"
A015,"コース内コピー","Copy in course"
A016,"ダウンロード","Download"
A017,"一括ダウンロード","Bulk download"
A018,"リマインド","Remind"
A019,"通知","Notification"
A020,"差し替え提出","Submit replacement"
A021,"成績","Achievements"
A022,"結果の確認","Confirmation of result"
A023,"結果がない","No results"
A024,"回答不能","Unable to answer"
A025,"動作確認","Operation check"
A026,"匿名","Anonymous"
A027,"TAが問題入力","Entering problems by TA"
A028,"入力文字種制限","Input character type restriction"
A029,"問題プール利用","Use problem pool"
A030,"問題プールの修正","Fixing problem pools"
A031,"問題プールの共有","Problem pool sharing"
A032,"遅延回答","Delayed Answer"
A033,"遅延確認","Delay confirmation"
A034,"回答再開","Resume answer"
A035,"回答用URLの場合の再開","Resume for response URL"
A036,"エクスポート時の文字","Characters at export"
A037,"設問修正","Question correction"
A038,"エクスポート","Export"
A039,"回答修正","Modifying answers"
A040"表示確認","Display confirmation"
A041,"手動によるコンテンツ繰越","Manual content transfer"
A042,"次年度への共有","Share to the next fiscal year"
A043,"消失","Loss"
A044,"容量","Capacity"
A045,"種類","Type"
A046,"情報反映","Information reflection"
A047,"教員登録","Teacher registration"
A048,"非常勤教員登録","Part-time teacher registration"
A049,"教員解除","Teacher release"
A050,"利用","Usage"
A051,"表示","Display"
A052,"学生登録方法","Student registration method"
A053,"学生登録時期","Student registration period"
A054,"学生解除","Student unregistration"
A055,"自己登録","Self-registration"
A056,"自己登録の解除","Self-registration cancellation"
A057,"科目集約の設定","Setting of subject consolidation"
A058,"集約科目の解除","Release of intensive subjects"
A059,"非公開授業","Private class"
A060,"複数の授業の表示","Displaying multiple classes"
A061,"副科目へのアクセス","Access to minor subjects"
A062,"パスワード","Password"
A063,"出欠確認","Checking attendance"
A064,"一斉連絡","Notification at once"
A065,"個別通知","Individual notification"
A066,"機能利用の設定","Setting function usage"
A067,"メッセージのセキュリティ","Security of message"
A068,"お知らせの閲覧","Viewing Announcements"
A069,"掲示板の通知","Notice on bulletin board"
A070,"掲示板スレッド作成","Creating bulletin board thread"
A071,"掲示板の閲覧","View bulletin board"
A072,"課題通知","Problem notification"
A073,"進学時の利用継続","Continuous use when entering university"
A074,"登録メールアドレスの変更","Change registered email address"
A075,"前年度のコースの表示","Displaying the course of the previous year"
A076,"機能編集","Edit function"
A077,"学外利用","Usage off campus"
A078,"ログ","Log"
A079,"利用環境","Usage Environment"