Term	Score
number of questions	427
number of categories	11
number of tags	79
ave. of questions per category	38.81818182
ave. of questions per tag	5.405063291
ch val for all data	3.859659044
ch val for  C001	2.226031771
ch val for  C002	2.670736044
ch val for  C003	2.781852724
ch val for  C004	1.510952217
ch val for  C005	1.41750478
ch val for  C006	1.999707107
ch val for  C007	1.922918938
ch val for  C008	1.981235837
ch val for  C009	2.297948244
ch val for  C010	1.587139028
ch val for  C011	1.76860626
