CID	tag1	tag2	MI	Jaccard	KL	JS
 C001	"アップロード方法"	"通知設定"	0.13102242077990908	0.09417655148047303	inf	0.8656380163526942
 C001	"アップロード方法"	"暗号化"	0.18119984075223747	0.12314862914862916	inf	0.8378182832138955
 C001	"アップロード方法"	"閲覧設定"	0.1452612644549075	0.10795226995226993	inf	0.8508675508539916
 C001	"アップロード方法"	"配布時期"	0.054962907007947565	0.09904850704850705	inf	0.9531804770469394
 C001	"アップロード方法"	"文字化け"	0.1186873547876291	0.12244733044733044	inf	0.904709691287369
 C001	"アップロード方法"	"アップロード権限"	0.3319496657085491	0.11821789321789322	inf	0.6799228536548494
 C001	"アップロード方法"	"配布方法"	0.07714009227673044	0.1170975690975691	inf	0.9363552226332459
 C001	"アップロード方法"	"ダウンロード"	0.14958331641120268	0.1131923631923632	inf	0.8806626865181784
 C001	"暗号化"	"アップロード方法"	0.18119984075223747	0.12314862914862916	inf	0.8378182832138955
 C001	"暗号化"	"文字化け"	0.11281642927072218	0.11596825396825397	inf	0.9163452911726881
 C001	"暗号化"	"閲覧設定"	0.06223061904495265	0.10312298812298812	inf	0.9457742955244796
 C001	"暗号化"	"配布時期"	0.018323069443217502	0.09513597513597513	inf	0.9858897366557264
 C001	"暗号化"	"通知設定"	0.11826119568105044	0.09066082066082067	inf	0.8903059356011778
 C001	"暗号化"	"アップロード権限"	0.18965459589243672	0.11244708994708996	inf	0.8566003344217469
 C001	"暗号化"	"配布方法"	0.037708428100746996	0.1112972582972583	inf	0.9723642208819763
 C001	"暗号化"	"ダウンロード"	0.11838656874236175	0.10792640692640694	inf	0.9293378091758051
 C001	"閲覧設定"	"アップロード方法"	0.1452612644549075	0.10795226995226993	inf	0.8508675508539916
 C001	"閲覧設定"	"暗号化"	0.06223061904495265	0.10312298812298812	inf	0.9457742955244796
 C001	"閲覧設定"	"配布時期"	0.19903401290166842	0.08540999523352465	inf	0.8318290493335008
 C001	"閲覧設定"	"文字化け"	0.059065415087061576	0.10231979131979133	inf	0.948988760625209
 C001	"閲覧設定"	"通知設定"	0.14532917737885986	0.0816742162588396	inf	0.884364808859614
 C001	"閲覧設定"	"アップロード権限"	0.11795752733154141	0.0995898545898546	inf	0.8955277276570562
 C001	"閲覧設定"	"配布方法"	0.13512148274013572	0.09856843156843156	inf	0.8944833888219583
 C001	"閲覧設定"	"ダウンロード"	0.022683450528140085	0.09590564990564991	inf	0.9759881761811967
 C001	"配布時期"	"アップロード方法"	0.054962907007947565	0.09904850704850705	inf	0.9531804770469394
 C001	"配布時期"	"暗号化"	0.018323069443217502	0.09513597513597513	inf	0.9858897366557264
 C001	"配布時期"	"閲覧設定"	0.19903401290166842	0.08540999523352465	inf	0.8318290493335008
 C001	"配布時期"	"文字化け"	0.02660802148563807	0.09435187035187037	inf	0.9805805751654441
 C001	"配布時期"	"通知設定"	0.1284400072382594	0.0764696985543219	inf	0.9071668043070034
 C001	"配布時期"	"アップロード権限"	0.051703955617756585	0.09210456210456214	inf	0.9619229054755363
 C001	"配布時期"	"配布方法"	0.18651103572928732	0.09115195915195916	inf	0.8562680328570189
 C001	"配布時期"	"ダウンロード"	0.04240618733034965	0.08891419691419693	inf	0.952331531670049
 C001	"文字化け"	"アップロード方法"	0.1186873547876291	0.12244733044733044	inf	0.904709691287369
 C001	"文字化け"	"暗号化"	0.11281642927072218	0.11596825396825397	inf	0.9163452911726881
 C001	"文字化け"	"閲覧設定"	0.059065415087061576	0.10231979131979133	inf	0.948988760625209
 C001	"文字化け"	"配布時期"	0.02660802148563807	0.09435187035187037	inf	0.9805805751654441
 C001	"文字化け"	"通知設定"	0.05649850905654645	0.08990669824003156	inf	0.9590997780408679
 C001	"文字化け"	"アップロード権限"	0.12567470207102635	0.11159211159211159	inf	0.9084665906767907
 C001	"文字化け"	"配布方法"	0.03232621201849589	0.11048196248196249	inf	0.9814792701221972
 C001	"文字化け"	"ダウンロード"	0.11608959218383708	0.10708802308802308	inf	0.9350352573014383
 C001	"通知設定"	"アップロード方法"	0.13102242077990908	0.09417655148047303	inf	0.8656380163526942
 C001	"通知設定"	"暗号化"	0.11826119568105044	0.09066082066082067	inf	0.8903059356011778
 C001	"通知設定"	"閲覧設定"	0.14532917737885986	0.0816742162588396	inf	0.884364808859614
 C001	"通知設定"	"配布時期"	0.1284400072382594	0.0764696985543219	inf	0.9071668043070034
 C001	"通知設定"	"文字化け"	0.05649850905654645	0.08990669824003156	inf	0.9590997780408679
 C001	"通知設定"	"アップロード権限"	0.13022644896571098	0.08787364898476005	inf	0.8810048646370627
 C001	"通知設定"	"配布方法"	0.10515333581876403	0.08696954824405806	inf	0.9306756617785263
 C001	"通知設定"	"ダウンロード"	0.057620443464285735	0.08492937889996714	inf	0.9571799534910811
 C001	"アップロード権限"	"アップロード方法"	0.3319496657085491	0.11821789321789322	inf	0.6799228536548494
 C001	"アップロード権限"	"暗号化"	0.18965459589243672	0.11244708994708996	inf	0.8566003344217469
 C001	"アップロード権限"	"閲覧設定"	0.11795752733154141	0.0995898545898546	inf	0.8955277276570562
 C001	"アップロード権限"	"配布時期"	0.051703955617756585	0.09210456210456214	inf	0.9619229054755363
 C001	"アップロード権限"	"文字化け"	0.12567470207102635	0.11159211159211159	inf	0.9084665906767907
 C001	"アップロード権限"	"通知設定"	0.13022644896571098	0.08787364898476005	inf	0.8810048646370627
 C001	"アップロード権限"	"配布方法"	0.08056720173794606	0.10724266474266476	inf	0.9433277054374323
 C001	"アップロード権限"	"ダウンロード"	0.1305598049331929	0.10412217412217412	inf	0.9110126173873618
 C001	"配布方法"	"アップロード方法"	0.07714009227673044	0.1170975690975691	inf	0.9363552226332459
 C001	"配布方法"	"暗号化"	0.037708428100746996	0.1112972582972583	inf	0.9723642208819763
 C001	"配布方法"	"閲覧設定"	0.13512148274013572	0.09856843156843156	inf	0.8944833888219583
 C001	"配布方法"	"配布時期"	0.18651103572928732	0.09115195915195916	inf	0.8562680328570189
 C001	"配布方法"	"文字化け"	0.03232621201849589	0.11048196248196249	inf	0.9814792701221972
 C001	"配布方法"	"通知設定"	0.10515333581876403	0.08696954824405806	inf	0.9306756617785263
 C001	"配布方法"	"アップロード権限"	0.08056720173794606	0.10724266474266476	inf	0.9433277054374323
 C001	"配布方法"	"ダウンロード"	0.04499524129127966	0.10304706404706404	inf	0.9699556811324509
 C001	"ダウンロード"	"アップロード方法"	0.14958331641120268	0.1131923631923632	inf	0.8806626865181784
 C001	"ダウンロード"	"暗号化"	0.11838656874236175	0.10792640692640694	inf	0.9293378091758051
 C001	"ダウンロード"	"閲覧設定"	0.022683450528140085	0.09590564990564991	inf	0.9759881761811967
 C001	"ダウンロード"	"文字化け"	0.11608959218383708	0.10708802308802308	inf	0.9350352573014383
 C001	"ダウンロード"	"通知設定"	0.057620443464285735	0.08492937889996714	inf	0.9571799534910811
 C001	"ダウンロード"	"アップロード権限"	0.1305598049331929	0.10412217412217412	inf	0.9110126173873618
 C001	"ダウンロード"	"配布方法"	0.04499524129127966	0.10304706404706404	inf	0.9699556811324509
 C001	"ダウンロード"	"配布時期"	0.04240618733034965	0.08891419691419693	inf	0.952331531670049
 C002	"差し替え提出"	"コース間コピー"	0.09854320540884856	0.10802308802308803	inf	0.914069774377867
 C002	"差し替え提出"	"一括ダウンロード"	-0.007701462209877341	0.10864474414474413	inf	1.0143469020934133
 C002	"差し替え提出"	"締切後の再提出"	0.23359262208790793	0.08942762303056422	inf	0.7740634734878113
 C002	"差し替え提出"	"閲覧設定"	0.2005000662690729	0.1303044733044733	inf	0.8193637435112875
 C002	"差し替え提出"	"コース内コピー"	0.20184733139973882	0.13106637806637805	inf	0.8371476769332338
 C002	"差し替え提出"	"成績"	0.11299464071359716	0.11001676101676101	inf	0.9164275587368084
 C002	"差し替え提出"	"通知"	0.17577567821744683	0.11717504717504718	inf	0.8584395847017839
 C002	"差し替え提出"	"締切後の締切の変更"	0.18870351584367304	0.09901820401820403	inf	0.8240758128377415
 C002	"差し替え提出"	"結果の確認"	0.21104024670515112	0.10655644355644356	inf	0.8146644284875225
 C002	"差し替え提出"	"リマインド"	0.09923032045694477	0.11598040848040848	inf	0.9019389650113118
 C002	"差し替え提出"	"ダウンロード"	0.18500823920198947	0.11193983793983796	inf	0.8413990952693594
 C002	"差し替え提出"	"ファイル提出"	0.1300432910578259	0.10561444111444113	inf	0.8862576424176443
 C002	"一括ダウンロード"	"差し替え提出"	-0.007701462209877341	0.10864474414474413	inf	1.0143469020934133
 C002	"一括ダウンロード"	"締切後の再提出"	-0.01020036052142432	0.08425094785388904	inf	1.0092751926356522
 C002	"一括ダウンロード"	"閲覧設定"	-0.0018734761417391532	0.11965079365079363	inf	1.023502578547813
 C002	"一括ダウンロード"	"コース内コピー"	-0.006237164822411422	0.12045787545787545	inf	1.0277051614943207
 C002	"一括ダウンロード"	"コース間コピー"	0.018998776662394877	0.10075396825396826	inf	0.9829166057903914
 C002	"一括ダウンロード"	"成績"	-0.0048559106388867315	0.10226262626262628	inf	1.006096084641213
 C002	"一括ダウンロード"	"通知"	-0.007517061690424204	0.10855340737693679	inf	1.0152661767839042
 C002	"一括ダウンロード"	"締切後の締切の変更"	-0.009691467029680014	0.09281109413462355	inf	1.0050570911232994
 C002	"一括ダウンロード"	"結果の確認"	0.013385410623492633	0.09909645909645909	inf	0.9991204740240223
 C002	"一括ダウンロード"	"リマインド"	-0.007804606002474818	0.10757025382025383	inf	1.012417357953486
 C002	"一括ダウンロード"	"ダウンロード"	0.08784533265522512	0.10396464646464648	inf	0.919217423805613
 C002	"一括ダウンロード"	"ファイル提出"	0.05759536418885022	0.09851551956815115	inf	0.9711455120140856
 C002	"締切後の再提出"	"差し替え提出"	0.23359262208790793	0.08942762303056422	inf	0.7740634734878113
 C002	"締切後の再提出"	"一括ダウンロード"	-0.01020036052142432	0.08425094785388904	inf	1.0092751926356522
 C002	"締切後の再提出"	"ファイル提出"	0.15005986126083035	0.08251273236567355	inf	0.864237363569981
 C002	"締切後の再提出"	"閲覧設定"	0.13828344476639448	0.09664717635305874	inf	0.9157074787759724
 C002	"締切後の再提出"	"コース内コピー"	0.11691401313501745	0.09741341991341994	inf	0.9360641966963701
 C002	"締切後の再提出"	"コース間コピー"	0.07290246875987613	0.08432358083093378	inf	0.9546824657667524
 C002	"締切後の再提出"	"成績"	0.09899256977728398	0.08501758862052981	inf	0.933324652607089
 C002	"締切後の再提出"	"通知"	0.11249359583106928	0.08943489989542622	inf	0.9330028840276896
 C002	"締切後の再提出"	"締切後の締切の変更"	0.23179428197578153	0.07865376382017251	inf	0.789684878862298
 C002	"締切後の再提出"	"結果の確認"	0.20347029866607277	0.08254449254449256	inf	0.8671495121245859
 C002	"締切後の再提出"	"リマインド"	0.10845784029954199	0.08885482935728034	inf	0.9308944051879666
 C002	"締切後の再提出"	"ダウンロード"	0.15263406046666336	0.08624207219795457	inf	0.8876293642997731
 C002	"閲覧設定"	"差し替え提出"	0.2005000662690729	0.1303044733044733	inf	0.8193637435112875
 C002	"閲覧設定"	"一括ダウンロード"	-0.0018734761417391532	0.11965079365079363	inf	1.023502578547813
 C002	"閲覧設定"	"締切後の再提出"	0.13828344476639448	0.09664717635305874	inf	0.9157074787759724
 C002	"閲覧設定"	"コース内コピー"	0.31430663878869475	0.1791746031746032	inf	0.7454302014722988
 C002	"閲覧設定"	"コース間コピー"	0.1461383175596422	0.11853896103896103	inf	0.8706033288224516
 C002	"閲覧設定"	"成績"	0.10318108052095062	0.12141558441558441	inf	0.9319504618233347
 C002	"閲覧設定"	"通知"	0.2461191427862431	0.12996336996336993	inf	0.7919955192849492
 C002	"閲覧設定"	"締切後の締切の変更"	0.0644264419666527	0.10784215784215784	inf	0.9699689097997667
 C002	"閲覧設定"	"結果の確認"	0.226733027328725	0.14953246753246752	inf	0.8346449671643142
 C002	"閲覧設定"	"リマインド"	0.0868745679954911	0.12840187590187588	inf	0.9430540341666556
 C002	"閲覧設定"	"ダウンロード"	0.13995879243541665	0.12368831168831168	inf	0.8893178284987648
 C002	"閲覧設定"	"ファイル提出"	0.018458240542794574	0.11590476190476189	inf	0.9949430857286523
 C002	"コース内コピー"	"差し替え提出"	0.20184733139973882	0.13106637806637805	inf	0.8371476769332338
 C002	"コース内コピー"	"一括ダウンロード"	-0.006237164822411422	0.12045787545787545	inf	1.0277051614943207
 C002	"コース内コピー"	"締切後の再提出"	0.11691401313501745	0.09741341991341994	inf	0.9360641966963701
 C002	"コース内コピー"	"閲覧設定"	0.31430663878869475	0.1791746031746032	inf	0.7454302014722988
 C002	"コース内コピー"	"リマインド"	0.07776627039026489	0.1292219817219817	inf	0.953067133475541
 C002	"コース内コピー"	"コース間コピー"	0.24675325134977244	0.11940476190476192	inf	0.7376019934750458
 C002	"コース内コピー"	"成績"	0.11410606571440729	0.12218037518037518	inf	0.9297275607322766
 C002	"コース内コピー"	"通知"	0.25402179397791974	0.13076334776334775	inf	0.821472591250913
 C002	"コース内コピー"	"締切後の締切の変更"	0.05792140876148446	0.10867099567099567	inf	0.9807783769859837
 C002	"コース内コピー"	"結果の確認"	0.20782194030494403	0.15024997224997225	inf	0.8634073264161993
 C002	"コース内コピー"	"ダウンロード"	0.1374246435626697	0.12446320346320347	inf	0.9002158367980396
 C002	"コース内コピー"	"ファイル提出"	0.022281623381043704	0.11672771672771672	inf	0.9840506272022864
 C002	"コース間コピー"	"差し替え提出"	0.09854320540884856	0.10802308802308803	inf	0.914069774377867
 C002	"コース間コピー"	"一括ダウンロード"	0.018998776662394877	0.10075396825396826	inf	0.9829166057903914
 C002	"コース間コピー"	"締切後の再提出"	0.07290246875987613	0.08432358083093378	inf	0.9546824657667524
 C002	"コース間コピー"	"閲覧設定"	0.1461383175596422	0.11853896103896103	inf	0.8706033288224516
 C002	"コース間コピー"	"コース内コピー"	0.24675325134977244	0.11940476190476192	inf	0.7376019934750458
 C002	"コース間コピー"	"成績"	0.062415724311019875	0.10183621933621935	inf	0.9624633815927689
 C002	"コース間コピー"	"通知"	0.12575416788499194	0.10797008547008548	inf	0.9052856591579209
 C002	"コース間コピー"	"締切後の締切の変更"	0.03367192877708592	0.09274281274281275	inf	0.9781760425238107
 C002	"コース間コピー"	"結果の確認"	0.1157659178451148	0.09867826617826617	inf	0.9183609464786664
 C002	"コース間コピー"	"リマインド"	0.03829176823955487	0.10704966329966331	inf	0.9737811890831192
 C002	"コース間コピー"	"ダウンロード"	0.08022375924642484	0.103502886002886	inf	0.9338496456094739
 C002	"コース間コピー"	"ファイル提出"	0.08241076360667489	0.09825396825396826	inf	0.9434842137027496
 C002	"成績"	"差し替え提出"	0.11299464071359716	0.11001676101676101	inf	0.9164275587368084
 C002	"成績"	"一括ダウンロード"	-0.0048559106388867315	0.10226262626262628	inf	1.006096084641213
 C002	"成績"	"締切後の再提出"	0.09899256977728398	0.08501758862052981	inf	0.933324652607089
 C002	"成績"	"閲覧設定"	0.10318108052095062	0.12141558441558441	inf	0.9319504618233347
 C002	"成績"	"コース内コピー"	0.11410606571440729	0.12218037518037518	inf	0.9297275607322766
 C002	"成績"	"コース間コピー"	0.062415724311019875	0.10183621933621935	inf	0.9624633815927689
 C002	"成績"	"通知"	0.1009069555590208	0.10988933288933289	inf	0.9404966977060877
 C002	"成績"	"締切後の締切の変更"	0.05462034916547997	0.09373004773004773	inf	0.9710047934663119
 C002	"成績"	"結果の確認"	0.11381812343376206	0.10027361527361528	inf	0.920041162388454
 C002	"成績"	"リマインド"	0.03435528469589278	0.10886317386317387	inf	0.9839322876951546
 C002	"成績"	"ダウンロード"	0.07727638496795906	0.1052086802086802	inf	0.9520904166945593
 C002	"成績"	"ファイル提出"	0.03856148606888169	0.09958297258297259	inf	0.9801467657453022
 C002	"通知"	"差し替え提出"	0.17577567821744683	0.11717504717504718	inf	0.8584395847017839
 C002	"通知"	"一括ダウンロード"	-0.007517061690424204	0.10855340737693679	inf	1.0152661767839042
 C002	"通知"	"締切後の再提出"	0.11249359583106928	0.08943489989542622	inf	0.9330028840276896
 C002	"通知"	"閲覧設定"	0.2461191427862431	0.12996336996336993	inf	0.7919955192849492
 C002	"通知"	"コース内コピー"	0.25402179397791974	0.13076334776334775	inf	0.821472591250913
 C002	"通知"	"コース間コピー"	0.12575416788499194	0.10797008547008548	inf	0.9052856591579209
 C002	"通知"	"成績"	0.1009069555590208	0.10988933288933289	inf	0.9404966977060877
 C002	"通知"	"締切後の締切の変更"	0.08754338804034939	0.099000888000888	inf	0.930353486468254
 C002	"通知"	"結果の確認"	0.18210199926167292	0.10642368742368742	inf	0.874862496845239
 C002	"通知"	"リマインド"	0.18810461696771194	0.11584933584933584	inf	0.8422632669189257
 C002	"通知"	"ダウンロード"	0.12203752099767044	0.11180608280608281	inf	0.904053234686021
 C002	"通知"	"ファイル提出"	0.012998833122310358	0.10555196437549379	inf	0.9927949601913226
 C002	"締切後の締切の変更"	"差し替え提出"	0.18870351584367304	0.09901820401820403	inf	0.8240758128377415
 C002	"締切後の締切の変更"	"一括ダウンロード"	-0.009691467029680014	0.09281109413462355	inf	1.0050570911232994
 C002	"締切後の締切の変更"	"締切後の再提出"	0.23179428197578153	0.07865376382017251	inf	0.789684878862298
 C002	"締切後の締切の変更"	"閲覧設定"	0.0644264419666527	0.10784215784215784	inf	0.9699689097997667
 C002	"締切後の締切の変更"	"コース内コピー"	0.05792140876148446	0.10867099567099567	inf	0.9807783769859837
 C002	"締切後の締切の変更"	"成績"	0.05462034916547997	0.09373004773004773	inf	0.9710047934663119
 C002	"締切後の締切の変更"	"通知"	0.08754338804034939	0.099000888000888	inf	0.930353486468254
 C002	"締切後の締切の変更"	"コース間コピー"	0.03367192877708592	0.09274281274281275	inf	0.9781760425238107
 C002	"締切後の締切の変更"	"結果の確認"	0.10616467017542101	0.0909027639027639	inf	0.9274449616781532
 C002	"締切後の締切の変更"	"リマインド"	0.08965594756200587	0.09825831575831576	inf	0.9225156846561752
 C002	"締切後の締切の変更"	"ダウンロード"	0.10397538131289244	0.0951759351759352	inf	0.9321958672427706
 C002	"締切後の締切の変更"	"ファイル提出"	0.10390138412297226	0.09069998302351243	inf	0.9124839468523689
 C002	"結果の確認"	"差し替え提出"	0.21104024670515112	0.10655644355644356	inf	0.8146644284875225
 C002	"結果の確認"	"一括ダウンロード"	0.013385410623492633	0.09909645909645909	inf	0.9991204740240223
 C002	"結果の確認"	"締切後の再提出"	0.20347029866607277	0.08254449254449256	inf	0.8671495121245859
 C002	"結果の確認"	"閲覧設定"	0.226733027328725	0.14953246753246752	inf	0.8346449671643142
 C002	"結果の確認"	"コース内コピー"	0.20782194030494403	0.15024997224997225	inf	0.8634073264161993
 C002	"結果の確認"	"コース間コピー"	0.1157659178451148	0.09867826617826617	inf	0.9183609464786664
 C002	"結果の確認"	"成績"	0.11381812343376206	0.10027361527361528	inf	0.920041162388454
 C002	"結果の確認"	"通知"	0.18210199926167292	0.10642368742368742	inf	0.874862496845239
 C002	"結果の確認"	"締切後の締切の変更"	0.10616467017542101	0.0909027639027639	inf	0.9274449616781532
 C002	"結果の確認"	"リマインド"	0.13746950458584942	0.10543484293484291	inf	0.888857865293155
 C002	"結果の確認"	"ダウンロード"	0.16862061652850233	0.10193739593739594	inf	0.8563807469814526
 C002	"結果の確認"	"ファイル提出"	0.10271943053313119	0.09652014652014651	inf	0.933374135778232
 C002	"リマインド"	"差し替え提出"	0.09923032045694477	0.11598040848040848	inf	0.9019389650113118
 C002	"リマインド"	"一括ダウンロード"	-0.007804606002474818	0.10757025382025383	inf	1.012417357953486
 C002	"リマインド"	"締切後の再提出"	0.10845784029954199	0.08885482935728034	inf	0.9308944051879666
 C002	"リマインド"	"閲覧設定"	0.0868745679954911	0.12840187590187588	inf	0.9430540341666556
 C002	"リマインド"	"コース内コピー"	0.07776627039026489	0.1292219817219817	inf	0.953067133475541
 C002	"リマインド"	"コース間コピー"	0.03829176823955487	0.10704966329966331	inf	0.9737811890831192
 C002	"リマインド"	"成績"	0.03435528469589278	0.10886317386317387	inf	0.9839322876951546
 C002	"リマインド"	"通知"	0.18810461696771194	0.11584933584933584	inf	0.8422632669189257
 C002	"リマインド"	"締切後の締切の変更"	0.08965594756200587	0.09825831575831576	inf	0.9225156846561752
 C002	"リマインド"	"結果の確認"	0.13746950458584942	0.10543484293484291	inf	0.888857865293155
 C002	"リマインド"	"ダウンロード"	0.049979434873814725	0.11074351574351575	inf	0.9670798139979647
 C002	"リマインド"	"ファイル提出"	0.048615660948170256	0.10464817589817589	inf	0.9532665225322614
 C002	"ダウンロード"	"差し替え提出"	0.18500823920198947	0.11193983793983796	inf	0.8413990952693594
 C002	"ダウンロード"	"一括ダウンロード"	0.08784533265522512	0.10396464646464648	inf	0.919217423805613
 C002	"ダウンロード"	"締切後の再提出"	0.15263406046666336	0.08624207219795457	inf	0.8876293642997731
 C002	"ダウンロード"	"閲覧設定"	0.13995879243541665	0.12368831168831168	inf	0.8893178284987648
 C002	"ダウンロード"	"コース内コピー"	0.1374246435626697	0.12446320346320347	inf	0.9002158367980396
 C002	"ダウンロード"	"成績"	0.07727638496795906	0.1052086802086802	inf	0.9520904166945593
 C002	"ダウンロード"	"通知"	0.12203752099767044	0.11180608280608281	inf	0.904053234686021
 C002	"ダウンロード"	"締切後の締切の変更"	0.10397538131289244	0.0951759351759352	inf	0.9321958672427706
 C002	"ダウンロード"	"結果の確認"	0.16862061652850233	0.10193739593739594	inf	0.8563807469814526
 C002	"ダウンロード"	"リマインド"	0.049979434873814725	0.11074351574351575	inf	0.9670798139979647
 C002	"ダウンロード"	"コース間コピー"	0.08022375924642484	0.103502886002886	inf	0.9338496456094739
 C002	"ダウンロード"	"ファイル提出"	0.12519829509351077	0.10120418470418471	inf	0.9151767067954255
 C002	"ファイル提出"	"差し替え提出"	0.1300432910578259	0.10561444111444113	inf	0.8862576424176443
 C002	"ファイル提出"	"一括ダウンロード"	0.05759536418885022	0.09851551956815115	inf	0.9711455120140856
 C002	"ファイル提出"	"締切後の再提出"	0.15005986126083035	0.08251273236567355	inf	0.864237363569981
 C002	"ファイル提出"	"閲覧設定"	0.018458240542794574	0.11590476190476189	inf	0.9949430857286523
 C002	"ファイル提出"	"コース内コピー"	0.022281623381043704	0.11672771672771672	inf	0.9840506272022864
 C002	"ファイル提出"	"コース間コピー"	0.08241076360667489	0.09825396825396826	inf	0.9434842137027496
 C002	"ファイル提出"	"成績"	0.03856148606888169	0.09958297258297259	inf	0.9801467657453022
 C002	"ファイル提出"	"通知"	0.012998833122310358	0.10555196437549379	inf	0.9927949601913226
 C002	"ファイル提出"	"締切後の締切の変更"	0.10390138412297226	0.09069998302351243	inf	0.9124839468523689
 C002	"ファイル提出"	"結果の確認"	0.10271943053313119	0.09652014652014651	inf	0.933374135778232
 C002	"ファイル提出"	"リマインド"	0.048615660948170256	0.10464817589817589	inf	0.9532665225322614
 C002	"ファイル提出"	"ダウンロード"	0.12519829509351077	0.10120418470418471	inf	0.9151767067954255
 C003	"入力文字種制限"	"回答修正"	0.041041530441625104	0.08732417170033269	inf	0.9691188249525342
 C003	"入力文字種制限"	"回答再開"	0.04519621276452261	0.10891863691863693	inf	0.9529443319263659
 C003	"入力文字種制限"	"問題プールの共有"	0.06263253977830599	0.08495243645243646	inf	0.935299375912996
 C003	"入力文字種制限"	"回答不能"	0.06975896612603226	0.10448645798645799	inf	0.9471350446162289
 C003	"入力文字種制限"	"TAが問題入力"	0.16120037580950367	0.10805426055426055	inf	0.8261524642600694
 C003	"入力文字種制限"	"設問修正"	0.00596581739395028	0.09473798423798424	inf	0.9963476102613059
 C003	"入力文字種制限"	"エクスポート"	0.07094892485393539	0.08576567876567877	inf	0.9396474693684576
 C003	"入力文字種制限"	"遅延確認"	0.0480061620378524	0.09473798423798424	inf	0.9619849495719396
 C003	"入力文字種制限"	"エクスポート時の文字"	0.09382321907017087	0.09369541569541572	inf	0.9041083982523673
 C003	"入力文字種制限"	"結果がない"	0.03868936553687106	0.10774503274503272	inf	0.9723726049493542
 C003	"入力文字種制限"	"動作確認"	0.055882782900474784	0.10083727383727384	inf	0.9520852254621418
 C003	"入力文字種制限"	"遅延回答"	0.014272592533252691	0.09458635808635808	inf	0.9917047443173352
 C003	"入力文字種制限"	"匿名"	0.051743281468817834	0.09399246586746587	inf	0.9551069242884651
 C003	"入力文字種制限"	"問題プール利用"	0.03921053424837639	0.10982339882339881	inf	0.9745943197681259
 C003	"入力文字種制限"	"問題プールの修正"	0.050832846311675804	0.0916013553010457	inf	0.965775806961841
 C003	"入力文字種制限"	"回答用URLの場合の再開"	0.06135621995490945	0.0897877677877678	inf	0.9399704235564583
 C003	"回答再開"	"入力文字種制限"	0.04519621276452261	0.10891863691863693	inf	0.9529443319263659
 C003	"回答再開"	"問題プールの共有"	0.00766968840402239	0.09087823287823288	inf	1.00191469563652
 C003	"回答再開"	"回答不能"	0.018207025701103507	0.11308125208125208	inf	0.9833947052884304
 C003	"回答再開"	"TAが問題入力"	0.04549646411542342	0.11712000962000962	inf	0.9590791641556964
 C003	"回答再開"	"設問修正"	0.10014078399457955	0.10192540792540793	inf	0.9361170912166666
 C003	"回答再開"	"エクスポート"	0.10140392679186333	0.09177000777000778	inf	0.8898025344473192
 C003	"回答再開"	"遅延確認"	0.018281601063921838	0.10192540792540793	inf	0.9711732969950841
 C003	"回答再開"	"エクスポート時の文字"	0.10918014989283856	0.10083827283827285	inf	0.9205241457707578
 C003	"回答再開"	"結果がない"	0.04588499786652493	0.11675036075036076	inf	0.9423058759020705
 C003	"回答再開"	"動作確認"	-0.007730583537619507	0.10886291486291486	inf	1.0047080083250608
 C003	"回答再開"	"回答修正"	0.15065334239343933	0.09364907314907317	inf	0.8745825062476669
 C003	"回答再開"	"匿名"	0.1011368529918677	0.10122312736283323	inf	0.9170776073825276
 C003	"回答再開"	"問題プール利用"	0.006004165697111997	0.11911399711399712	inf	0.9878956763940547
 C003	"回答再開"	"問題プールの修正"	-0.00785143087603927	0.09851243201243202	inf	1.0156494954132034
 C003	"回答再開"	"回答用URLの場合の再開"	0.19762274907868604	0.09650823033175975	inf	0.8188111385011397
 C003	"回答再開"	"遅延回答"	0.11837317163516885	0.1018075258075258	inf	0.9233898449082631
 C003	"問題プールの共有"	"エクスポート"	0.03182185714052256	0.0744338210808799	inf	0.9662362889448188
 C003	"問題プールの共有"	"回答再開"	0.00766968840402239	0.09087823287823288	inf	1.00191469563652
 C003	"問題プールの共有"	"回答不能"	0.022505510441229365	0.08750345732698675	inf	0.9969753559029225
 C003	"問題プールの共有"	"TAが問題入力"	0.25757063826537163	0.09007302882302884	inf	0.7172625044475435
 C003	"問題プールの共有"	"設問修正"	0.05406330530122292	0.08090089322442263	inf	0.9392374479456032
 C003	"問題プールの共有"	"入力文字種制限"	0.06263253977830599	0.08495243645243646	inf	0.935299375912996
 C003	"問題プールの共有"	"遅延確認"	0.013671491735399903	0.08090089322442263	inf	0.987332213502652
 C003	"問題プールの共有"	"エクスポート時の文字"	-0.004084612667867265	0.07986385424001524	inf	1.0039437670513158
 C003	"問題プールの共有"	"結果がない"	0.017564493724878366	0.08993123543123543	inf	0.9997543495752117
 C003	"問題プールの共有"	"動作確認"	0.03074926816071325	0.08518204018204019	inf	0.9782427706287234
 C003	"問題プールの共有"	"回答修正"	-0.006532342120021136	0.07520968900380665	inf	1.0076577961361841
 C003	"問題プールの共有"	"匿名"	0.012422706021888667	0.07993731704741766	inf	0.9930874461329516
 C003	"問題プールの共有"	"問題プール利用"	0.12927033630570986	0.0913944388944389	inf	0.886019818804627
 C003	"問題プールの共有"	"問題プールの修正"	0.2141271642110646	0.07822882019940844	inf	0.760754294214497
 C003	"問題プールの共有"	"回答用URLの場合の再開"	0.011466643753592623	0.07678693116309215	inf	0.9918524128165254
 C003	"問題プールの共有"	"遅延回答"	-0.007027318071256869	0.08063473368736528	inf	1.007408145370471
 C003	"回答不能"	"入力文字種制限"	0.06975896612603226	0.10448645798645799	inf	0.9471350446162289
 C003	"回答不能"	"回答再開"	0.018207025701103507	0.11308125208125208	inf	0.9833947052884304
 C003	"回答不能"	"問題プールの共有"	0.022505510441229365	0.08750345732698675	inf	0.9969753559029225
 C003	"回答不能"	"TAが問題入力"	0.09517511565337887	0.11222499722499725	inf	0.9347508790878483
 C003	"回答不能"	"設問修正"	0.02839670203244977	0.09790420690420691	inf	0.9899800770224079
 C003	"回答不能"	"エクスポート"	0.14321008530534893	0.08834909534909537	inf	0.8870031310935569
 C003	"回答不能"	"遅延確認"	0.11878006636293705	0.09790420690420691	inf	0.9140624244841353
 C003	"回答不能"	"エクスポート時の文字"	0.009201232833372293	0.09687475269828211	inf	1.0023871443466033
 C003	"回答不能"	"結果がない"	0.22511988634900096	0.11186335886335888	inf	0.7735994006407677
 C003	"回答不能"	"動作確認"	0.21430212285059358	0.10443578643578645	inf	0.834022651683211
 C003	"回答不能"	"回答修正"	0.0680480664967429	0.0901055056055056	inf	0.9525789297662562
 C003	"回答不能"	"匿名"	0.11868154536077562	0.09722864704095355	inf	0.8919960263844626
 C003	"回答不能"	"問題プール利用"	0.1498752272303474	0.11408658008658008	inf	0.899963404065203
 C003	"回答不能"	"問題プールの修正"	0.1612565888145463	0.09467710067710067	inf	0.8811328936183901
 C003	"回答不能"	"回答用URLの場合の再開"	0.031517306517564195	0.09277984347953389	inf	0.9895231032895317
 C003	"回答不能"	"遅延回答"	0.02333162733811136	0.09778439860792801	inf	0.990157259650071
 C003	"TAが問題入力"	"入力文字種制限"	0.16120037580950367	0.10805426055426055	inf	0.8261524642600694
 C003	"TAが問題入力"	"回答再開"	0.04549646411542342	0.11712000962000962	inf	0.9590791641556964
 C003	"TAが問題入力"	"問題プールの共有"	0.25757063826537163	0.09007302882302884	inf	0.7172625044475435
 C003	"TAが問題入力"	"回答不能"	0.09517511565337887	0.11222499722499725	inf	0.9347508790878483
 C003	"TAが問題入力"	"設問修正"	0.11503871518253297	0.10104811854811854	inf	0.8892771192444874
 C003	"TAが問題入力"	"エクスポート"	0.07365793128261941	0.09095265845265847	inf	0.944612068067272
 C003	"TAが問題入力"	"遅延確認"	0.05970294674892433	0.10104811854811856	inf	0.9643222689605756
 C003	"TAが問題入力"	"エクスポート時の文字"	0.018942991524563118	0.10000615125615127	inf	0.99893879809088
 C003	"TAが問題入力"	"結果がない"	0.07495261881690897	0.11584813334813336	inf	0.945263844266594
 C003	"TAが問題入力"	"動作確認"	0.09645646804307254	0.10796610796610796	inf	0.9308594705380684
 C003	"TAが問題入力"	"回答修正"	0.03327894508318146	0.09286474146768266	inf	0.9851287204464735
 C003	"TAが問題入力"	"匿名"	0.04594174739337927	0.10040359796793619	inf	0.9669501592257824
 C003	"TAが問題入力"	"問題プール利用"	0.20494442391453657	0.1182026307026307	inf	0.8360644367080704
 C003	"TAが問題入力"	"問題プールの修正"	0.21020409856588124	0.09770564130858252	inf	0.7981562341179466
 C003	"TAが問題入力"	"回答用URLの場合の再開"	0.05148023785259358	0.09572438182732301	inf	0.9547083445108022
 C003	"TAが問題入力"	"遅延回答"	0.03290681250137413	0.10094770969770969	inf	0.9811044260972256
 C003	"設問修正"	"エクスポート"	0.13460446513142915	0.08166167166167165	inf	0.8576070202360626
 C003	"設問修正"	"回答再開"	0.10014078399457955	0.10192540792540793	inf	0.9361170912166666
 C003	"設問修正"	"問題プールの共有"	0.05406330530122292	0.08090089322442263	inf	0.9392374479456032
 C003	"設問修正"	"回答不能"	0.02839670203244977	0.09790420690420691	inf	0.9899800770224079
 C003	"設問修正"	"TAが問題入力"	0.11503871518253297	0.10104811854811854	inf	0.8892771192444874
 C003	"設問修正"	"問題プールの修正"	0.17212327690782575	0.08657216639569582	inf	0.8102956981226785
 C003	"設問修正"	"入力文字種制限"	0.00596581739395028	0.09473798423798424	inf	0.9963476102613059
 C003	"設問修正"	"遅延確認"	0.008605618077730954	0.08957131757131757	inf	0.9914496011483631
 C003	"設問修正"	"エクスポート時の文字"	0.1405239201077689	0.08848730681083622	inf	0.8944453975401118
 C003	"設問修正"	"結果がない"	0.024220503348867564	0.10082917082917082	inf	0.9900281315528627
 C003	"設問修正"	"動作確認"	0.09689302948440191	0.09487823287823288	inf	0.899240217595989
 C003	"設問修正"	"回答修正"	0.2639565523429043	0.08283695716048657	inf	0.7302244341062948
 C003	"設問修正"	"匿名"	0.09208360106084496	0.08867085067065718	inf	0.9248705799337982
 C003	"設問修正"	"問題プール利用"	0.06632641353812556	0.10264113664113665	inf	0.9389431985081822
 C003	"設問修正"	"回答用URLの場合の再開"	0.16996949621830673	0.0849003341000245	inf	0.8567128604503387
 C003	"設問修正"	"遅延回答"	0.15748374937911833	0.0893497776733071	inf	0.8765774975739741
 C003	"エクスポート"	"回答修正"	0.17523259450948284	0.07589497104202986	inf	0.8247780492911113
 C003	"エクスポート"	"回答再開"	0.10140392679186333	0.09177000777000778	inf	0.8898025344473192
 C003	"エクスポート"	"問題プールの共有"	0.03182185714052256	0.0744338210808799	inf	0.9662362889448188
 C003	"エクスポート"	"回答不能"	0.14321008530534893	0.08834909534909537	inf	0.8870031310935569
 C003	"エクスポート"	"TAが問題入力"	0.07365793128261941	0.09095265845265847	inf	0.944612068067272
 C003	"エクスポート"	"設問修正"	0.13460446513142915	0.08166167166167165	inf	0.8576070202360626
 C003	"エクスポート"	"入力文字種制限"	0.07094892485393539	0.08576567876567877	inf	0.9396474693684576
 C003	"エクスポート"	"遅延確認"	0.2082313554173561	0.08166167166167165	inf	0.7766074164638037
 C003	"エクスポート"	"エクスポート時の文字"	0.11874247704881302	0.08061053325759207	inf	0.8850223260493831
 C003	"エクスポート"	"結果がない"	0.16179421416634313	0.09080985680985681	inf	0.8330706337247835
 C003	"エクスポート"	"動作確認"	0.10486970153541508	0.08599888999889	inf	0.925501094135251
 C003	"エクスポート"	"遅延回答"	0.114577667037349	0.08139219603925486	inf	0.8795317730425531
 C003	"エクスポート"	"匿名"	0.1503368789340652	0.08068532667023379	inf	0.8433321027941977
 C003	"エクスポート"	"問題プール利用"	0.07529462563427534	0.0922923742923743	inf	0.9476175172665292
 C003	"エクスポート"	"問題プールの修正"	0.08551082957905504	0.07895424510130393	inf	0.9291587939695254
 C003	"エクスポート"	"回答用URLの場合の再開"	0.1190928749336909	0.07749390306975446	inf	0.8907219232953966
 C003	"遅延確認"	"入力文字種制限"	0.0480061620378524	0.09473798423798424	inf	0.9619849495719396
 C003	"遅延確認"	"回答再開"	0.018281601063921838	0.10192540792540793	inf	0.9711732969950841
 C003	"遅延確認"	"問題プールの共有"	0.013671491735399903	0.08090089322442263	inf	0.987332213502652
 C003	"遅延確認"	"回答不能"	0.11878006636293705	0.09790420690420691	inf	0.9140624244841353
 C003	"遅延確認"	"TAが問題入力"	0.05970294674892433	0.10104811854811856	inf	0.9643222689605756
 C003	"遅延確認"	"設問修正"	0.008605618077730954	0.08957131757131757	inf	0.9914496011483631
 C003	"遅延確認"	"エクスポート"	0.2082313554173561	0.08166167166167165	inf	0.7766074164638037
 C003	"遅延確認"	"エクスポート時の文字"	0.034067566014096114	0.08848730681083623	inf	0.9621496572030936
 C003	"遅延確認"	"結果がない"	0.1512162788527201	0.10082917082917082	inf	0.8588190892680556
 C003	"遅延確認"	"動作確認"	0.12864456498411542	0.09487823287823288	inf	0.9001683531660185
 C003	"遅延確認"	"回答修正"	0.03311914176699036	0.08283695716048657	inf	0.9718642535683171
 C003	"遅延確認"	"匿名"	0.07142379279063475	0.08867085067065716	inf	0.9301054303810401
 C003	"遅延確認"	"問題プール利用"	0.10649021957868568	0.10264113664113664	inf	0.9255854921420565
 C003	"遅延確認"	"問題プールの修正"	0.10672974933003894	0.08657216639569582	inf	0.9241426267427915
 C003	"遅延確認"	"回答用URLの場合の再開"	-0.010102254195593758	0.0849003341000245	inf	1.0119924267814282
 C003	"遅延確認"	"遅延回答"	0.044577845828044964	0.0893497776733071	inf	0.9529974929686749
 C003	"エクスポート時の文字"	"入力文字種制限"	0.09382321907017087	0.09369541569541572	inf	0.9041083982523673
 C003	"エクスポート時の文字"	"回答再開"	0.10918014989283856	0.10083827283827285	inf	0.9205241457707578
 C003	"エクスポート時の文字"	"問題プールの共有"	-0.004084612667867265	0.07986385424001524	inf	1.0039437670513158
 C003	"エクスポート時の文字"	"回答不能"	0.009201232833372293	0.09687475269828211	inf	1.0023871443466033
 C003	"エクスポート時の文字"	"TAが問題入力"	0.018942991524563118	0.10000615125615127	inf	0.99893879809088
 C003	"エクスポート時の文字"	"設問修正"	0.1405239201077689	0.08848730681083622	inf	0.8944453975401118
 C003	"エクスポート時の文字"	"エクスポート"	0.11874247704881302	0.08061053325759207	inf	0.8850223260493831
 C003	"エクスポート時の文字"	"遅延確認"	0.034067566014096114	0.08848730681083623	inf	0.9621496572030936
 C003	"エクスポート時の文字"	"問題プールの修正"	-0.006084136020213258	0.08556698856698856	inf	1.014767658923634
 C003	"エクスポート時の文字"	"結果がない"	-0.007881631391814234	0.09976728826728827	inf	1.0202432043290517
 C003	"エクスポート時の文字"	"動作確認"	-0.008725140598580176	0.09379553779553779	inf	1.0132827563287958
 C003	"エクスポート時の文字"	"回答修正"	0.1703960913322993	0.08183795616148558	inf	0.852078838444538
 C003	"エクスポート時の文字"	"匿名"	0.0974108821032725	0.08766007781777906	inf	0.9167459003928855
 C003	"エクスポート時の文字"	"問題プール利用"	-0.008044636344589457	0.10157781107781108	inf	1.0143775797580796
 C003	"エクスポート時の文字"	"回答用URLの場合の再開"	0.17853883240619678	0.08391990517222714	inf	0.8574128931179559
 C003	"エクスポート時の文字"	"遅延回答"	0.14636658893754048	0.08829053866669966	inf	0.8893917857330704
 C003	"結果がない"	"入力文字種制限"	0.03868936553687106	0.10774503274503272	inf	0.9723726049493542
 C003	"結果がない"	"回答再開"	0.04588499786652493	0.11675036075036076	inf	0.9423058759020705
 C003	"結果がない"	"問題プールの共有"	0.017564493724878366	0.08993123543123543	inf	0.9997543495752117
 C003	"結果がない"	"回答不能"	0.22511988634900096	0.11186335886335888	inf	0.7735994006407677
 C003	"結果がない"	"TAが問題入力"	0.07495261881690897	0.11584813334813336	inf	0.945263844266594
 C003	"結果がない"	"設問修正"	0.024220503348867564	0.10082917082917082	inf	0.9900281315528627
 C003	"結果がない"	"エクスポート"	0.16179421416634313	0.09080985680985681	inf	0.8330706337247835
 C003	"結果がない"	"遅延確認"	0.1512162788527201	0.10082917082917082	inf	0.8588190892680556
 C003	"結果がない"	"エクスポート時の文字"	-0.007881631391814234	0.09976728826728827	inf	1.0202432043290517
 C003	"結果がない"	"動作確認"	0.2102852465957152	0.10768054168054167	inf	0.8237774041951076
 C003	"結果がない"	"回答修正"	0.04854094083055981	0.0926753409988704	inf	0.9688979563557321
 C003	"結果がない"	"匿名"	0.10014179689455852	0.10015027660248248	inf	0.9066756533855397
 C003	"結果がない"	"問題プール利用"	0.11980529110824463	0.11780852480852479	inf	0.9171774987518253
 C003	"結果がない"	"問題プールの修正"	0.13220916357328613	0.0974748747984042	inf	0.9054710410332114
 C003	"結果がない"	"回答用URLの場合の再開"	-0.007948452803589932	0.09549929482282422	inf	1.0255709365050498
 C003	"結果がない"	"遅延回答"	0.03838509627942718	0.10071678321678322	inf	0.978766250691724
 C003	"動作確認"	"入力文字種制限"	0.055882782900474784	0.10083727383727384	inf	0.9520852254621418
 C003	"動作確認"	"回答再開"	-0.007730583537619507	0.10886291486291486	inf	1.0047080083250608
 C003	"動作確認"	"問題プールの共有"	0.03074926816071325	0.08518204018204019	inf	0.9782427706287234
 C003	"動作確認"	"回答不能"	0.21430212285059358	0.10443578643578645	inf	0.834022651683211
 C003	"動作確認"	"TAが問題入力"	0.09645646804307254	0.10796610796610796	inf	0.9308594705380684
 C003	"動作確認"	"設問修正"	0.09689302948440191	0.09487823287823288	inf	0.899240217595989
 C003	"動作確認"	"エクスポート"	0.10486970153541508	0.08599888999889	inf	0.925501094135251
 C003	"動作確認"	"遅延確認"	0.12864456498411542	0.09487823287823288	inf	0.9001683531660185
 C003	"動作確認"	"エクスポート時の文字"	-0.008725140598580176	0.09379553779553779	inf	1.0132827563287958
 C003	"動作確認"	"結果がない"	0.2102852465957152	0.10768054168054167	inf	0.8237774041951076
 C003	"動作確認"	"回答修正"	0.035005325740752796	0.08748110712816595	inf	0.9793612282323102
 C003	"動作確認"	"匿名"	0.136701786396515	0.09406704406704407	inf	0.8591993956184135
 C003	"動作確認"	"問題プール利用"	0.1836914077851076	0.10973104673104672	inf	0.8663528124762766
 C003	"動作確認"	"問題プールの修正"	0.17966593597968672	0.09170388435094318	inf	0.8573119430669258
 C003	"動作確認"	"回答用URLの場合の再開"	0.007504053636909513	0.08988933288933287	inf	0.9948012826742776
 C003	"動作確認"	"遅延回答"	0.010046831775985752	0.09470263070263071	inf	0.9945554104514855
 C003	"回答修正"	"入力文字種制限"	0.041041530441625104	0.08732417170033269	inf	0.9691188249525342
 C003	"回答修正"	"回答再開"	0.15065334239343933	0.09364907314907317	inf	0.8745825062476669
 C003	"回答修正"	"問題プールの共有"	-0.006532342120021136	0.07520968900380665	inf	1.0076577961361841
 C003	"回答修正"	"回答不能"	0.0680480664967429	0.0901055056055056	inf	0.9525789297662562
 C003	"回答修正"	"TAが問題入力"	0.03327894508318146	0.09286474146768266	inf	0.9851287204464735
 C003	"回答修正"	"設問修正"	0.2639565523429043	0.08283695716048657	inf	0.7302244341062948
 C003	"回答修正"	"エクスポート"	0.17523259450948284	0.07589497104202986	inf	0.8247780492911113
 C003	"回答修正"	"遅延確認"	0.03311914176699036	0.08283695716048657	inf	0.9718642535683171
 C003	"回答修正"	"エクスポート時の文字"	0.1703960913322993	0.08183795616148558	inf	0.852078838444538
 C003	"回答修正"	"結果がない"	0.04854094083055981	0.0926753409988704	inf	0.9688979563557321
 C003	"回答修正"	"動作確認"	0.035005325740752796	0.08748110712816595	inf	0.9793612282323102
 C003	"回答修正"	"遅延回答"	0.18583242058877744	0.08261197625903507	inf	0.8383999955840261
 C003	"回答修正"	"匿名"	0.15900865613280116	0.08197082479783717	inf	0.8449576673700345
 C003	"回答修正"	"問題プール利用"	0.0164090286073994	0.0942600340835635	inf	0.9988485338344387
 C003	"回答修正"	"問題プールの修正"	0.07880162657619597	0.08013049283018324	inf	0.9189804611556187
 C003	"回答修正"	"回答用URLの場合の再開"	0.23389530799558308	0.07863297400913499	inf	0.7873792467890671
 C003	"匿名"	"入力文字種制限"	0.051743281468817834	0.09399246586746587	inf	0.9551069242884651
 C003	"匿名"	"回答再開"	0.1011368529918677	0.10122312736283323	inf	0.9170776073825276
 C003	"匿名"	"問題プールの共有"	0.012422706021888667	0.07993731704741766	inf	0.9930874461329516
 C003	"匿名"	"回答不能"	0.11868154536077562	0.09722864704095355	inf	0.8919960263844626
 C003	"匿名"	"TAが問題入力"	0.04594174739337927	0.10040359796793619	inf	0.9669501592257824
 C003	"匿名"	"設問修正"	0.09208360106084496	0.08867085067065718	inf	0.9248705799337982
 C003	"匿名"	"エクスポート"	0.1503368789340652	0.08068532667023379	inf	0.8433321027941977
 C003	"匿名"	"遅延確認"	0.07142379279063475	0.08867085067065716	inf	0.9301054303810401
 C003	"匿名"	"エクスポート時の文字"	0.0974108821032725	0.08766007781777906	inf	0.9167459003928855
 C003	"匿名"	"結果がない"	0.10014179689455852	0.10015027660248248	inf	0.9066756533855397
 C003	"匿名"	"動作確認"	0.136701786396515	0.09406704406704407	inf	0.8591993956184135
 C003	"匿名"	"回答修正"	0.15900865613280116	0.08197082479783717	inf	0.8449576673700345
 C003	"匿名"	"問題プールの修正"	0.07446297565990823	0.08575864699026463	inf	0.9427471477935019
 C003	"匿名"	"問題プール利用"	0.08356375151948972	0.10199002386502387	inf	0.9318614743517933
 C003	"匿名"	"回答用URLの場合の再開"	0.12782438767407536	0.08410369414857737	inf	0.8929418347494366
 C003	"匿名"	"遅延回答"	0.12872780640164277	0.08848951852241325	inf	0.8921538489269343
 C003	"問題プール利用"	"入力文字種制限"	0.03921053424837639	0.10982339882339881	inf	0.9745943197681259
 C003	"問題プール利用"	"回答再開"	0.006004165697111997	0.11911399711399712	inf	0.9878956763940547
 C003	"問題プール利用"	"問題プールの共有"	0.12927033630570986	0.0913944388944389	inf	0.886019818804627
 C003	"問題プール利用"	"回答不能"	0.1498752272303474	0.11408658008658008	inf	0.899963404065203
 C003	"問題プール利用"	"TAが問題入力"	0.20494442391453657	0.1182026307026307	inf	0.8360644367080704
 C003	"問題プール利用"	"設問修正"	0.06632641353812556	0.10264113664113665	inf	0.9389431985081822
 C003	"問題プール利用"	"エクスポート"	0.07529462563427534	0.0922923742923743	inf	0.9476175172665292
 C003	"問題プール利用"	"遅延確認"	0.10649021957868568	0.10264113664113664	inf	0.9255854921420565
 C003	"問題プール利用"	"エクスポート時の文字"	-0.008044636344589457	0.10157781107781108	inf	1.0143775797580796
 C003	"問題プール利用"	"結果がない"	0.11980529110824463	0.11780852480852479	inf	0.9171774987518253
 C003	"問題プール利用"	"動作確認"	0.1836914077851076	0.10973104673104672	inf	0.8663528124762766
 C003	"問題プール利用"	"回答修正"	0.0164090286073994	0.0942600340835635	inf	0.9988485338344387
 C003	"問題プール利用"	"匿名"	0.08356375151948972	0.10199002386502387	inf	0.9318614743517933
 C003	"問題プール利用"	"問題プールの修正"	0.23609978131146453	0.09922495804848745	inf	0.8075153973061948
 C003	"問題プール利用"	"回答用URLの場合の再開"	-0.008107909392178701	0.0972004662004662	inf	1.0193475224814015
 C003	"問題プール利用"	"遅延回答"	0.006902643029513567	0.10254362304362305	inf	1.0003398638868304
 C003	"問題プールの修正"	"入力文字種制限"	0.050832846311675804	0.0916013553010457	inf	0.965775806961841
 C003	"問題プールの修正"	"回答再開"	-0.00785143087603927	0.09851243201243202	inf	1.0156494954132034
 C003	"問題プールの修正"	"問題プールの共有"	0.2141271642110646	0.07822882019940844	inf	0.760754294214497
 C003	"問題プールの修正"	"回答不能"	0.1612565888145463	0.09467710067710067	inf	0.8811328936183901
 C003	"問題プールの修正"	"TAが問題入力"	0.21020409856588124	0.09770564130858252	inf	0.7981562341179466
 C003	"問題プールの修正"	"設問修正"	0.17212327690782575	0.08657216639569582	inf	0.8102956981226785
 C003	"問題プールの修正"	"エクスポート"	0.08551082957905504	0.07895424510130393	inf	0.9291587939695254
 C003	"問題プールの修正"	"遅延確認"	0.10672974933003894	0.08657216639569582	inf	0.9241426267427915
 C003	"問題プールの修正"	"エクスポート時の文字"	-0.006084136020213258	0.08556698856698856	inf	1.014767658923634
 C003	"問題プールの修正"	"結果がない"	0.13220916357328613	0.0974748747984042	inf	0.9054710410332114
 C003	"問題プールの修正"	"動作確認"	0.17966593597968672	0.09170388435094318	inf	0.8573119430669258
 C003	"問題プールの修正"	"回答修正"	0.07880162657619597	0.08013049283018324	inf	0.9189804611556187
 C003	"問題プールの修正"	"匿名"	0.07446297565990823	0.08575864699026463	inf	0.9427471477935019
 C003	"問題プールの修正"	"問題プール利用"	0.23609978131146453	0.09922495804848745	inf	0.8075153973061948
 C003	"問題プールの修正"	"回答用URLの場合の再開"	-0.002624140925377028	0.08213593595946538	inf	1.0159874547160672
 C003	"問題プールの修正"	"遅延回答"	0.013053344291228652	0.08637636219989162	inf	0.9991761742451902
 C003	"回答用URLの場合の再開"	"入力文字種制限"	0.06135621995490945	0.0897877677877678	inf	0.9399704235564583
 C003	"回答用URLの場合の再開"	"回答再開"	0.19762274907868604	0.09650823033175975	inf	0.8188111385011397
 C003	"回答用URLの場合の再開"	"問題プールの共有"	0.011466643753592623	0.07678693116309215	inf	0.9918524128165254
 C003	"回答用URLの場合の再開"	"回答不能"	0.031517306517564195	0.09277984347953389	inf	0.9895231032895317
 C003	"回答用URLの場合の再開"	"TAが問題入力"	0.05148023785259358	0.09572438182732301	inf	0.9547083445108022
 C003	"回答用URLの場合の再開"	"設問修正"	0.16996949621830673	0.0849003341000245	inf	0.8567128604503387
 C003	"回答用URLの場合の再開"	"エクスポート"	0.1190928749336909	0.07749390306975446	inf	0.8907219232953966
 C003	"回答用URLの場合の再開"	"遅延確認"	-0.010102254195593758	0.0849003341000245	inf	1.0119924267814282
 C003	"回答用URLの場合の再開"	"エクスポート時の文字"	0.17853883240619678	0.08391990517222714	inf	0.8574128931179559
 C003	"回答用URLの場合の再開"	"結果がない"	-0.007948452803589932	0.09549929482282422	inf	1.0255709365050498
 C003	"回答用URLの場合の再開"	"動作確認"	0.007504053636909513	0.08988933288933287	inf	0.9948012826742776
 C003	"回答用URLの場合の再開"	"回答修正"	0.23389530799558308	0.07863297400913499	inf	0.7873792467890671
 C003	"回答用URLの場合の再開"	"匿名"	0.12782438767407536	0.08410369414857737	inf	0.8929418347494366
 C003	"回答用URLの場合の再開"	"問題プール利用"	-0.008107909392178701	0.0972004662004662	inf	1.0193475224814015
 C003	"回答用URLの場合の再開"	"問題プールの修正"	-0.002624140925377028	0.08213593595946538	inf	1.0159874547160672
 C003	"回答用URLの場合の再開"	"遅延回答"	0.15870016960896627	0.08470743876007035	inf	0.879674723542597
 C003	"遅延回答"	"入力文字種制限"	0.014272592533252691	0.09458635808635808	inf	0.9917047443173352
 C003	"遅延回答"	"回答再開"	0.11837317163516885	0.1018075258075258	inf	0.9233898449082631
 C003	"遅延回答"	"問題プールの共有"	-0.007027318071256869	0.08063473368736528	inf	1.007408145370471
 C003	"遅延回答"	"回答不能"	0.02333162733811136	0.09778439860792801	inf	0.990157259650071
 C003	"遅延回答"	"TAが問題入力"	0.03290681250137413	0.10094770969770969	inf	0.9811044260972256
 C003	"遅延回答"	"設問修正"	0.15748374937911833	0.0893497776733071	inf	0.8765774975739741
 C003	"遅延回答"	"エクスポート"	0.114577667037349	0.08139219603925486	inf	0.8795317730425531
 C003	"遅延回答"	"遅延確認"	0.044577845828044964	0.0893497776733071	inf	0.9529974929686749
 C003	"遅延回答"	"エクスポート時の文字"	0.14636658893754048	0.08829053866669966	inf	0.8893917857330704
 C003	"遅延回答"	"結果がない"	0.03838509627942718	0.10071678321678322	inf	0.978766250691724
 C003	"遅延回答"	"動作確認"	0.010046831775985752	0.09470263070263071	inf	0.9945554104514855
 C003	"遅延回答"	"回答修正"	0.18583242058877744	0.08261197625903507	inf	0.8383999955840261
 C003	"遅延回答"	"匿名"	0.12872780640164277	0.08848951852241325	inf	0.8921538489269343
 C003	"遅延回答"	"問題プール利用"	0.006902643029513567	0.10254362304362305	inf	1.0003398638868304
 C003	"遅延回答"	"問題プールの修正"	0.013053344291228652	0.08637636219989162	inf	0.9991761742451902
 C003	"遅延回答"	"回答用URLの場合の再開"	0.15870016960896627	0.08470743876007035	inf	0.879674723542597
 C004	"次年度への共有"	"手動によるコンテンツ繰越"	0.11599089503837341	0.09408041958041957	inf	0.8512180337726647
 C004	"次年度への共有"	"表示確認"	-0.0026191811787890967	0.09243251193251192	inf	1.0040878539645257
 C004	"手動によるコンテンツ繰越"	"次年度への共有"	0.11599089503837341	0.09408041958041957	inf	0.8512180337726647
 C004	"手動によるコンテンツ繰越"	"表示確認"	0.006313635464290385	0.08888862771215714	inf	0.996831148644501
 C004	"表示確認"	"次年度への共有"	-0.0026191811787890967	0.09243251193251192	inf	1.0040878539645257
 C004	"表示確認"	"手動によるコンテンツ繰越"	0.006313635464290385	0.08888862771215714	inf	0.996831148644501
 C005	"容量"	"種類"	0.2249760750045069	0.08539147055787924	inf	0.8144702424653991
 C005	"容量"	"消失"	0.1982582422864305	0.08022278217711654	inf	0.8231097909445276
 C005	"種類"	"容量"	0.2249760750045069	0.08539147055787924	inf	0.8144702424653991
 C005	"種類"	"消失"	0.281942645371335	0.09722829254079254	inf	0.7802105892389445
 C005	"消失"	"容量"	0.1982582422864305	0.08022278217711654	inf	0.8231097909445276
 C005	"消失"	"種類"	0.281942645371335	0.09722829254079254	inf	0.7802105892389445
 C006	"自己登録の解除"	"学生登録時期"	0.22738472946812308	0.08559016473722357	inf	0.7260662805423037
 C006	"自己登録の解除"	"教員解除"	0.14837959349402574	0.07569716472038453	inf	0.844079697752104
 C006	"自己登録の解除"	"非常勤教員登録"	0.034566450916131565	0.073530280177339	inf	0.9772147718487393
 C006	"自己登録の解除"	"情報反映"	0.10169699668916624	0.09775890775890778	inf	0.9105848321845151
 C006	"自己登録の解除"	"学生登録方法"	0.09184291824940559	0.08442189929584887	inf	0.9099853096707493
 C006	"自己登録の解除"	"学生解除"	0.23309169291200077	0.08068183450536391	inf	0.7463934252373308
 C006	"自己登録の解除"	"表示"	0.10970650841493244	0.0843902606603141	inf	0.9108220335980538
 C006	"自己登録の解除"	"利用"	0.05868771526997204	0.09056149406149407	inf	0.9737114474207621
 C006	"自己登録の解除"	"教員登録"	0.02806607101765194	0.08230934302625478	inf	0.9835872336165987
 C006	"自己登録の解除"	"自己登録"	0.2886255655516379	0.07980274455506653	inf	0.6863012008372286
 C006	"学生登録時期"	"自己登録の解除"	0.22738472946812308	0.08559016473722357	inf	0.7260662805423037
 C006	"学生登録時期"	"教員解除"	0.09440503057240632	0.09444128094128093	inf	0.9085987131247184
 C006	"学生登録時期"	"非常勤教員登録"	0.03613142904318585	0.09206407971113854	inf	0.9818282765832597
 C006	"学生登録時期"	"情報反映"	0.11746548236445456	0.133028305028305	inf	0.8575246302697918
 C006	"学生登録時期"	"学生登録方法"	0.13540277424580832	0.10865721580007294	inf	0.8555708344699502
 C006	"学生登録時期"	"学生解除"	0.23512554055657595	0.1029675487910782	inf	0.775924128800697
 C006	"学生登録時期"	"表示"	0.1279165051899322	0.10951286087649723	inf	0.8847895684370009
 C006	"学生登録時期"	"利用"	0.08856918765401098	0.11965123765123765	inf	0.937310955854346
 C006	"学生登録時期"	"教員登録"	0.04637225030332282	0.10566757180727768	inf	0.9643532714784501
 C006	"学生登録時期"	"自己登録"	0.21415038646369663	0.10198645798645799	inf	0.7867722883152706
 C006	"教員解除"	"自己登録の解除"	0.14837959349402574	0.07569716472038453	inf	0.844079697752104
 C006	"教員解除"	"学生登録時期"	0.09440503057240632	0.09444128094128093	inf	0.9085987131247184
 C006	"教員解除"	"非常勤教員登録"	0.07269722845211748	0.08026852559205501	inf	0.9321617158067661
 C006	"教員解除"	"情報反映"	0.16151202869446235	0.10894083694083692	inf	0.8602457746134341
 C006	"教員解除"	"学生登録方法"	0.07121451304041593	0.09292992721564151	inf	0.94156245588089
 C006	"教員解除"	"学生解除"	0.10450953003808751	0.0885812520812521	inf	0.9044016106921408
 C006	"教員解除"	"表示"	0.10300909215047327	0.09298908162544524	inf	0.9193492325953114
 C006	"教員解除"	"利用"	0.01710862428684446	0.1002876012876013	inf	1.003665870504813
 C006	"教員解除"	"教員登録"	0.06317173761947878	0.09050272644022643	inf	0.9436406835923961
 C006	"教員解除"	"自己登録"	0.10054091093090099	0.0875922965922966	inf	0.925731870854563
 C006	"非常勤教員登録"	"自己登録の解除"	0.034566450916131565	0.073530280177339	inf	0.9772147718487393
 C006	"非常勤教員登録"	"学生登録時期"	0.03613142904318585	0.09206407971113854	inf	0.9818282765832597
 C006	"非常勤教員登録"	"教員解除"	0.07269722845211748	0.08026852559205501	inf	0.9321617158067661
 C006	"非常勤教員登録"	"情報反映"	0.05854594281042529	0.10665878565878564	inf	0.9903089652071495
 C006	"非常勤教員登録"	"学生登録方法"	0.05818678272900184	0.09041050219621648	inf	0.9494045520397675
 C006	"非常勤教員登録"	"学生解除"	0.05195554191598556	0.08617680032385915	inf	0.9566133420297899
 C006	"非常勤教員登録"	"表示"	0.051907899532902695	0.09062949676586037	inf	0.9719922756151173
 C006	"非常勤教員登録"	"利用"	0.0976643265445697	0.09782789432789434	inf	0.9251729402676426
 C006	"非常勤教員登録"	"教員登録"	0.1271600991767055	0.088082632237044	inf	0.8628823009894825
 C006	"非常勤教員登録"	"自己登録"	0.026993299493938753	0.08528308293014175	inf	0.9925067164267286
 C006	"情報反映"	"自己登録の解除"	0.10169699668916624	0.09775890775890778	inf	0.9105848321845151
 C006	"情報反映"	"学生登録時期"	0.11746548236445456	0.133028305028305	inf	0.8575246302697918
 C006	"情報反映"	"教員解除"	0.16151202869446235	0.10894083694083692	inf	0.8602457746134341
 C006	"情報反映"	"非常勤教員登録"	0.05854594281042529	0.10665878565878564	inf	0.9903089652071495
 C006	"情報反映"	"利用"	0.02129345112513546	0.14384415584415583	inf	1.0062181942635309
 C006	"情報反映"	"学生登録方法"	0.12877361652683061	0.12809729952587096	inf	0.8931160564608804
 C006	"情報反映"	"学生解除"	0.12187035690571289	0.12076134976134976	inf	0.912550801876111
 C006	"情報反映"	"表示"	0.11918987411067296	0.14234159779614325	inf	0.9057783511964924
 C006	"情報反映"	"教員登録"	0.053790417521783374	0.12445582195582194	inf	0.9824243421758011
 C006	"情報反映"	"自己登録"	0.11728404953992029	0.1199076479076479	inf	0.9021529968075166
 C006	"学生登録方法"	"自己登録の解除"	0.09184291824940559	0.08442189929584887	inf	0.9099853096707493
 C006	"学生登録方法"	"学生登録時期"	0.13540277424580832	0.10865721580007294	inf	0.8555708344699502
 C006	"学生登録方法"	"教員解除"	0.07121451304041593	0.09292992721564151	inf	0.94156245588089
 C006	"学生登録方法"	"非常勤教員登録"	0.05818678272900184	0.09041050219621648	inf	0.9494045520397675
 C006	"学生登録方法"	"情報反映"	0.12877361652683061	0.12809729952587096	inf	0.8931160564608804
 C006	"学生登録方法"	"学生解除"	0.12380772520568356	0.1007911136482565	inf	0.8897123070464121
 C006	"学生登録方法"	"表示"	0.09458962849362464	0.10670008202475734	inf	0.920892671724788
 C006	"学生登録方法"	"利用"	0.084243927175557	0.11618254761111904	inf	0.9352911571890585
 C006	"学生登録方法"	"教員登録"	0.08181724203000382	0.10329496891996892	inf	0.9205368457177909
 C006	"学生登録方法"	"自己登録"	0.15005864678339553	0.09971718757433043	inf	0.8626739334968185
 C006	"学生解除"	"自己登録の解除"	0.23309169291200077	0.08068183450536391	inf	0.7463934252373308
 C006	"学生解除"	"学生登録時期"	0.23512554055657595	0.1029675487910782	inf	0.775924128800697
 C006	"学生解除"	"教員解除"	0.10450953003808751	0.0885812520812521	inf	0.9044016106921408
 C006	"学生解除"	"非常勤教員登録"	0.05195554191598556	0.08617680032385915	inf	0.9566133420297899
 C006	"学生解除"	"情報反映"	0.12187035690571289	0.12076134976134976	inf	0.912550801876111
 C006	"学生解除"	"学生登録方法"	0.12380772520568356	0.1007911136482565	inf	0.8897123070464121
 C006	"学生解除"	"表示"	0.12406778226405046	0.10119062755426392	inf	0.9051320436824843
 C006	"学生解除"	"利用"	0.05613917772378855	0.1098897768897769	inf	0.9694564970947249
 C006	"学生解除"	"教員登録"	0.05711379434712048	0.09807460921431509	inf	0.9560659967727565
 C006	"学生解除"	"自己登録"	0.15584131767121748	0.09476623376623378	inf	0.8754002226522555
 C006	"表示"	"自己登録の解除"	0.10970650841493244	0.0843902606603141	inf	0.9108220335980538
 C006	"表示"	"学生登録時期"	0.1279165051899322	0.10951286087649723	inf	0.8847895684370009
 C006	"表示"	"教員解除"	0.10300909215047327	0.09298908162544524	inf	0.9193492325953114
 C006	"表示"	"非常勤教員登録"	0.051907899532902695	0.09062949676586037	inf	0.9719922756151173
 C006	"表示"	"情報反映"	0.11918987411067296	0.14234159779614325	inf	0.9057783511964924
 C006	"表示"	"学生登録方法"	0.09458962849362464	0.10670008202475734	inf	0.920892671724788
 C006	"表示"	"学生解除"	0.12406778226405046	0.10119062755426392	inf	0.9051320436824843
 C006	"表示"	"利用"	0.0325905355899166	0.11727923591559955	inf	0.990187203145608
 C006	"表示"	"教員登録"	0.04386967051063419	0.10379573078436714	inf	0.9712058192553535
 C006	"表示"	"自己登録"	0.09473805450508369	0.10024430115339202	inf	0.9298128569733127
 C006	"利用"	"自己登録の解除"	0.05868771526997204	0.09056149406149407	inf	0.9737114474207621
 C006	"利用"	"学生登録時期"	0.08856918765401098	0.11965123765123765	inf	0.937310955854346
 C006	"利用"	"教員解除"	0.01710862428684446	0.1002876012876013	inf	1.003665870504813
 C006	"利用"	"非常勤教員登録"	0.0976643265445697	0.09782789432789434	inf	0.9251729402676426
 C006	"利用"	"情報反映"	0.02129345112513546	0.14384415584415583	inf	1.0062181942635309
 C006	"利用"	"学生登録方法"	0.084243927175557	0.11618254761111904	inf	0.9352911571890585
 C006	"利用"	"学生解除"	0.05613917772378855	0.1098897768897769	inf	0.9694564970947249
 C006	"利用"	"表示"	0.0325905355899166	0.11727923591559955	inf	0.990187203145608
 C006	"利用"	"教員登録"	0.0953165795756132	0.11291569541569542	inf	0.9148211914498576
 C006	"利用"	"自己登録"	0.09756288401312656	0.10886291486291486	inf	0.9319299814959916
 C006	"教員登録"	"自己登録の解除"	0.02806607101765194	0.08230934302625478	inf	0.9835872336165987
 C006	"教員登録"	"学生登録時期"	0.04637225030332282	0.10566757180727768	inf	0.9643532714784501
 C006	"教員登録"	"教員解除"	0.06317173761947878	0.09050272644022643	inf	0.9436406835923961
 C006	"教員登録"	"非常勤教員登録"	0.1271600991767055	0.088082632237044	inf	0.8628823009894825
 C006	"教員登録"	"情報反映"	0.053790417521783374	0.12445582195582194	inf	0.9824243421758011
 C006	"教員登録"	"学生登録方法"	0.08181724203000382	0.10329496891996892	inf	0.9205368457177909
 C006	"教員登録"	"学生解除"	0.05711379434712048	0.09807460921431509	inf	0.9560659967727565
 C006	"教員登録"	"表示"	0.04386967051063419	0.10379573078436714	inf	0.9712058192553535
 C006	"教員登録"	"利用"	0.0953165795756132	0.11291569541569542	inf	0.9148211914498576
 C006	"教員登録"	"自己登録"	0.05743402903675702	0.0970586358086358	inf	0.9569406906771748
 C006	"自己登録"	"自己登録の解除"	0.2886255655516379	0.07980274455506653	inf	0.6863012008372286
 C006	"自己登録"	"学生登録時期"	0.21415038646369663	0.10198645798645799	inf	0.7867722883152706
 C006	"自己登録"	"教員解除"	0.10054091093090099	0.0875922965922966	inf	0.925731870854563
 C006	"自己登録"	"非常勤教員登録"	0.026993299493938753	0.08528308293014175	inf	0.9925067164267286
 C006	"自己登録"	"情報反映"	0.11728404953992029	0.1199076479076479	inf	0.9021529968075166
 C006	"自己登録"	"学生登録方法"	0.15005864678339553	0.09971718757433043	inf	0.8626739334968185
 C006	"自己登録"	"表示"	0.09473805450508369	0.10024430115339202	inf	0.9298128569733127
 C006	"自己登録"	"利用"	0.09756288401312656	0.10886291486291486	inf	0.9319299814959916
 C006	"自己登録"	"教員登録"	0.05743402903675702	0.0970586358086358	inf	0.9569406906771748
 C006	"自己登録"	"学生解除"	0.15584131767121748	0.09476623376623378	inf	0.8754002226522555
 C007	"副科目へのアクセス"	"集約科目の解除"	0.1316234040253415	0.09734848484848485	inf	0.8466906805049434
 C007	"副科目へのアクセス"	"非公開授業"	0.13208483856714634	0.09415755812814636	inf	0.82997744295322
 C007	"副科目へのアクセス"	"複数の授業の表示"	0.011153811274271692	0.07652352377584574	inf	0.9895120444323473
 C007	"副科目へのアクセス"	"科目集約の設定"	0.15702565282096573	0.0795345724107334	inf	0.8306527497607971
 C007	"集約科目の解除"	"副科目へのアクセス"	0.1316234040253415	0.09734848484848485	inf	0.8466906805049434
 C007	"集約科目の解除"	"非公開授業"	0.2894549010027284	0.1369047619047619	inf	0.7350725087012681
 C007	"集約科目の解除"	"複数の授業の表示"	0.040049795879956475	0.10388888888888889	inf	0.9890604004504812
 C007	"集約科目の解除"	"科目集約の設定"	0.18451374508107063	0.1104040404040404	inf	0.7913276855077725
 C007	"非公開授業"	"副科目へのアクセス"	0.13208483856714634	0.09415755812814636	inf	0.82997744295322
 C007	"非公開授業"	"集約科目の解除"	0.2894549010027284	0.1369047619047619	inf	0.7350725087012681
 C007	"非公開授業"	"複数の授業の表示"	0.1071803990652855	0.1003996003996004	inf	0.9213979158351395
 C007	"非公開授業"	"科目集約の設定"	0.16455722264724268	0.10644433344433345	inf	0.8177995389782557
 C007	"複数の授業の表示"	"副科目へのアクセス"	0.011153811274271692	0.07652352377584574	inf	0.9895120444323473
 C007	"複数の授業の表示"	"集約科目の解除"	0.040049795879956475	0.10388888888888889	inf	0.9890604004504812
 C007	"複数の授業の表示"	"非公開授業"	0.1071803990652855	0.1003996003996004	inf	0.9213979158351395
 C007	"複数の授業の表示"	"科目集約の設定"	0.0729521133045025	0.08443480375833318	inf	0.9385686547592226
 C007	"科目集約の設定"	"副科目へのアクセス"	0.15702565282096573	0.0795345724107334	inf	0.8306527497607971
 C007	"科目集約の設定"	"集約科目の解除"	0.18451374508107063	0.1104040404040404	inf	0.7913276855077725
 C007	"科目集約の設定"	"非公開授業"	0.16455722264724268	0.10644433344433345	inf	0.8177995389782557
 C007	"科目集約の設定"	"複数の授業の表示"	0.0729521133045025	0.08443480375833318	inf	0.9385686547592226
 C008	"出欠確認"	"パスワード"	0.02855814770928929	0.11993219743219745	inf	1.0065621513386165
 C008	"パスワード"	"出欠確認"	0.02855814770928929	0.11993219743219745	inf	1.0065621513386165
 C009	"一斉連絡"	"個別通知"	0.17164130728205462	0.09054018897768897	inf	0.8423980533482105
 C009	"一斉連絡"	"掲示板スレッド作成"	0.05671514008720698	0.1032839382839383	inf	0.9747838044067321
 C009	"一斉連絡"	"機能利用の設定"	0.009737126828521868	0.09939435564435564	inf	1.0075315101117275
 C009	"一斉連絡"	"メッセージのセキュリティ"	0.058933204217206145	0.08237960976931565	inf	0.9585760033824957
 C009	"一斉連絡"	"お知らせの閲覧"	0.04098606272561787	0.10421626984126982	inf	0.9724407241539034
 C009	"一斉連絡"	"掲示板の通知"	0.04499262485948933	0.09611041736041735	inf	0.9686250291065335
 C009	"一斉連絡"	"掲示板の閲覧"	0.02801002163849086	0.09611041736041737	inf	0.977551979613606
 C009	"個別通知"	"一斉連絡"	0.17164130728205462	0.09054018897768897	inf	0.8423980533482105
 C009	"個別通知"	"掲示板スレッド作成"	0.07386607402923397	0.10084970584970585	inf	0.9701484491343706
 C009	"個別通知"	"機能利用の設定"	0.05766301257134529	0.0971816146816147	inf	0.9543710889402187
 C009	"個別通知"	"メッセージのセキュリティ"	0.14850520828064256	0.08097702678585032	inf	0.8633347719417525
 C009	"個別通知"	"お知らせの閲覧"	0.04352314480706091	0.1017929292929293	inf	0.9765601745845909
 C009	"個別通知"	"掲示板の通知"	0.07824528809429813	0.09416019166019167	inf	0.9476781502698602
 C009	"個別通知"	"掲示板の閲覧"	0.027104817050330868	0.09416019166019167	inf	0.9822732406948603
 C009	"掲示板スレッド作成"	"一斉連絡"	0.05671514008720698	0.1032839382839383	inf	0.9747838044067321
 C009	"掲示板スレッド作成"	"個別通知"	0.07386607402923397	0.10084970584970585	inf	0.9701484491343706
 C009	"掲示板スレッド作成"	"機能利用の設定"	0.0518712158423494	0.11239771339771341	inf	0.9705382332683027
 C009	"掲示板スレッド作成"	"メッセージのセキュリティ"	0.07078599332455963	0.09131270363623305	inf	0.9730285892046153
 C009	"掲示板スレッド作成"	"お知らせの閲覧"	0.02335715431813136	0.1183044733044733	inf	0.9885151467839621
 C009	"掲示板スレッド作成"	"掲示板の通知"	0.08333529250353668	0.10793983793983793	inf	0.9354069776403517
 C009	"掲示板スレッド作成"	"掲示板の閲覧"	0.09898060879082973	0.10793983793983793	inf	0.9038822310049898
 C009	"機能利用の設定"	"一斉連絡"	0.009737126828521868	0.09939435564435564	inf	1.0075315101117275
 C009	"機能利用の設定"	"個別通知"	0.05766301257134529	0.0971816146816147	inf	0.9543710889402187
 C009	"機能利用の設定"	"掲示板スレッド作成"	0.0518712158423494	0.11239771339771341	inf	0.9705382332683027
 C009	"機能利用の設定"	"メッセージのセキュリティ"	0.24023495497984954	0.08813941613941614	inf	0.707055730169107
 C009	"機能利用の設定"	"お知らせの閲覧"	0.00809254457560209	0.11333333333333333	inf	1.0070838264411537
 C009	"機能利用の設定"	"掲示板の通知"	0.05053369821465543	0.10374691974691976	inf	0.9518276528621683
 C009	"機能利用の設定"	"掲示板の閲覧"	-0.003158063273322153	0.10374691974691976	inf	1.0145759674817303
 C009	"メッセージのセキュリティ"	"一斉連絡"	0.058933204217206145	0.08237960976931565	inf	0.9585760033824957
 C009	"メッセージのセキュリティ"	"個別通知"	0.14850520828064256	0.08097702678585032	inf	0.8633347719417525
 C009	"メッセージのセキュリティ"	"掲示板スレッド作成"	0.07078599332455963	0.09131270363623305	inf	0.9730285892046153
 C009	"メッセージのセキュリティ"	"機能利用の設定"	0.24023495497984954	0.08813941613941614	inf	0.707055730169107
 C009	"メッセージのセキュリティ"	"お知らせの閲覧"	0.027099396887429694	0.0921209117679706	inf	0.9980605487321234
 C009	"メッセージのセキュリティ"	"掲示板の通知"	0.05250361030057307	0.08552034566740449	inf	0.9715143524705998
 C009	"メッセージのセキュリティ"	"掲示板の閲覧"	0.02422440645674222	0.0855203456674045	inf	0.9849339377684823
 C009	"お知らせの閲覧"	"一斉連絡"	0.04098606272561787	0.10421626984126982	inf	0.9724407241539034
 C009	"お知らせの閲覧"	"掲示板スレッド作成"	0.02335715431813136	0.1183044733044733	inf	0.9885151467839621
 C009	"お知らせの閲覧"	"機能利用の設定"	0.00809254457560209	0.11333333333333333	inf	1.0070838264411537
 C009	"お知らせの閲覧"	"メッセージのセキュリティ"	0.027099396887429694	0.0921209117679706	inf	0.9980605487321234
 C009	"お知らせの閲覧"	"個別通知"	0.04352314480706091	0.1017929292929293	inf	0.9765601745845909
 C009	"お知らせの閲覧"	"掲示板の通知"	0.015214913624071404	0.10891053391053392	inf	0.9909421887693177
 C009	"お知らせの閲覧"	"掲示板の閲覧"	0.03702271269841342	0.1089105339105339	inf	0.9576174319461775
 C009	"掲示板の通知"	"一斉連絡"	0.04499262485948933	0.09611041736041735	inf	0.9686250291065335
 C009	"掲示板の通知"	"個別通知"	0.07824528809429813	0.09416019166019167	inf	0.9476781502698602
 C009	"掲示板の通知"	"掲示板スレッド作成"	0.08333529250353668	0.10793983793983793	inf	0.9354069776403517
 C009	"掲示板の通知"	"機能利用の設定"	0.05053369821465543	0.10374691974691976	inf	0.9518276528621683
 C009	"掲示板の通知"	"メッセージのセキュリティ"	0.05250361030057307	0.08552034566740449	inf	0.9715143524705998
 C009	"掲示板の通知"	"お知らせの閲覧"	0.015214913624071404	0.10891053391053392	inf	0.9909421887693177
 C009	"掲示板の通知"	"掲示板の閲覧"	0.14136387361159913	0.10016494616494617	inf	0.8419729442728103
 C009	"掲示板の閲覧"	"一斉連絡"	0.02801002163849086	0.09611041736041737	inf	0.977551979613606
 C009	"掲示板の閲覧"	"個別通知"	0.027104817050330868	0.09416019166019167	inf	0.9822732406948603
 C009	"掲示板の閲覧"	"掲示板スレッド作成"	0.09898060879082973	0.10793983793983793	inf	0.9038822310049898
 C009	"掲示板の閲覧"	"機能利用の設定"	-0.003158063273322153	0.10374691974691976	inf	1.0145759674817303
 C009	"掲示板の閲覧"	"メッセージのセキュリティ"	0.02422440645674222	0.0855203456674045	inf	0.9849339377684823
 C009	"掲示板の閲覧"	"お知らせの閲覧"	0.03702271269841342	0.1089105339105339	inf	0.9576174319461775
 C009	"掲示板の閲覧"	"掲示板の通知"	0.14136387361159913	0.10016494616494617	inf	0.8419729442728103
 C010	"進学時の利用継続"	"登録メールアドレスの変更"	0.04319290921364059	0.11267748917748918	inf	1.0174045025454068
 C010	"進学時の利用継続"	"課題通知"	-0.0012912599290165955	0.11515284715284714	inf	1.053569508959006
 C010	"登録メールアドレスの変更"	"進学時の利用継続"	0.04319290921364059	0.11267748917748918	inf	1.0174045025454068
 C010	"登録メールアドレスの変更"	"課題通知"	0.10347382611865977	0.17830203130203126	inf	0.9130854070909016
 C010	"課題通知"	"進学時の利用継続"	-0.0012912599290165955	0.11515284715284714	inf	1.053569508959006
 C010	"課題通知"	"登録メールアドレスの変更"	0.10347382611865977	0.17830203130203126	inf	0.9130854070909016
 C011	"前年度のコースの表示"	"機能編集"	0.049039232543087896	0.12516161616161614	inf	0.9713223338628506
 C011	"前年度のコースの表示"	"ログ"	0.013904742814532847	0.12243001443001443	inf	0.9881249809869819
 C011	"前年度のコースの表示"	"利用環境"	-0.005286651607832621	0.1361919191919192	inf	1.016182732441801
 C011	"前年度のコースの表示"	"学外利用"	0.005462165461049992	0.10697014097014097	inf	0.9970556900969848
 C011	"機能編集"	"前年度のコースの表示"	0.049039232543087896	0.12516161616161614	inf	0.9713223338628506
 C011	"機能編集"	"ログ"	0.015278960110181827	0.14458874458874457	inf	1.000841641323814
 C011	"機能編集"	"利用環境"	-0.00476832202401746	0.1638888888888889	inf	1.0106691943145067
 C011	"機能編集"	"学外利用"	0.02856971416829032	0.12314574314574314	inf	0.9852812036076172
 C011	"ログ"	"前年度のコースの表示"	0.013904742814532847	0.12243001443001443	inf	0.9881249809869819
 C011	"ログ"	"機能編集"	0.015278960110181827	0.14458874458874457	inf	1.000841641323814
 C011	"ログ"	"利用環境"	-0.00473980517715716	0.16027128427128423	inf	1.0151383466266712
 C011	"ログ"	"学外利用"	0.00750215877497642	0.12047419247419247	inf	1.0052451305243602
 C011	"利用環境"	"前年度のコースの表示"	-0.005286651607832621	0.1361919191919192	inf	1.016182732441801
 C011	"利用環境"	"機能編集"	-0.00476832202401746	0.1638888888888889	inf	1.0106691943145067
 C011	"利用環境"	"ログ"	-0.00473980517715716	0.16027128427128423	inf	1.0151383466266712
 C011	"利用環境"	"学外利用"	0.001217402759253168	0.13393795093795094	inf	1.0025022040176141
 C011	"学外利用"	"前年度のコースの表示"	0.005462165461049992	0.10697014097014097	inf	0.9970556900969848
 C011	"学外利用"	"機能編集"	0.02856971416829032	0.12314574314574314	inf	0.9852812036076172
 C011	"学外利用"	"ログ"	0.00750215877497642	0.12047419247419247	inf	1.0052451305243602
 C011	"学外利用"	"利用環境"	0.001217402759253168	0.13393795093795094	inf	1.0025022040176141