CID	Num	MI	Jaccard	KL	JS
 C001	50	0.12619112322465129	0.09856693093137145	inf	0.892618647656133
 C002	68	0.12060606053674743	0.1067546866987675	inf	0.9033050804459355
 C003	89	0.09740601738342625	0.09373041730409643	inf	0.9133845301644138
 C004	15	0.07546965256055187	0.0916561916141748	inf	0.9188660692817151
 C005	19	0.24060544765664396	0.08727451071430214	inf	0.7935866375858696
 C006	66	0.10399751249289571	0.10168352258108476	inf	0.9079386824684696
 C007	25	0.15460574198784618	0.10238694426774922	inf	0.8438815444174107
 C008	11	0.07868510770674929	0.13620530984167348	inf	0.939450717762636
 C009	44	0.08025166371292766	0.0982028940653408	inf	0.9298385201437755
 C010	15	0.07768447788093387	0.13331674938817795	inf	0.9570885365015148
 C011	25	0.027858978589084083	0.13406793206793208	inf	0.9772590164584332
