CID--Tag	Num	MI	Jaccard	KL	JS
 C001--"アップロード方法"	5	0.3294226349555089	0.12865800865800864	inf	0.6381821134819494
 C001--"暗号化"	5	0.2693532352177229	0.11666666666666667	inf	0.7273162172963855
 C001--"閲覧設定"	5	0.2290083850151851	0.09087051837051838	inf	0.7468898145977374
 C001--"配布時期"	5	0.3124713884372695	0.07899572649572648	inf	0.7069786261326906
 C001--"文字化け"	5	0.3241765416723961	0.11377344877344878	inf	0.6674494564671594
 C001--"通知設定"	9	0.24736413974646604	0.07296071076708333	inf	0.7455146374153343
 C001--"アップロード権限"	6	0.34458837192878716	0.1080976430976431	inf	0.7013981841751326
 C001--"配布方法"	5	0.1603275195062402	0.10515984015984017	inf	0.877231114890697
 C001--"ダウンロード"	5	0.4455199885918952	0.09957070707070706	inf	0.6424667675030515
 C002--"差し替え提出"	5	0.25007134291987543	0.11559884559884559	inf	0.7362176880010114
 C002--"一括ダウンロード"	5	0.2582389781569211	0.09995421245421246	inf	0.7057123743792051
 C002--"締切後の再提出"	6	0.39825590444904907	0.07195056978338711	inf	0.6201548462333881
 C002--"閲覧設定"	5	0.3264855956558912	0.1440909090909091	inf	0.6859605677379299
 C002--"コース内コピー"	5	0.4218700388143953	0.14658730158730157	inf	0.5759044859805718
 C002--"コース間コピー"	6	0.6096964196232787	0.10040404040404043	inf	0.30162755020278104
 C002--"成績"	5	0.20738708552636212	0.10154872904872905	inf	0.7361434705307518
 C002--"通知"	5	0.37904768346044826	0.11596320346320346	inf	0.6826548903249358
 C002--"締切後の締切の変更"	5	0.1484058643922978	0.0857092907092907	inf	0.8646311558281754
 C002--"結果の確認"	5	0.2158618405995157	0.0945159415747651	inf	0.8243113754086506
 C002--"リマインド"	6	0.1731302061819332	0.11407647907647908	inf	0.8016810904690175
 C002--"ダウンロード"	5	0.31457953227850444	0.10524531024531025	inf	0.6339389701946269
 C002--"ファイル提出"	5	0.32569916509911695	0.09523809523809523	inf	0.7724159894952388
 C003--"入力文字種制限"	5	0.4180582214259546	0.0994022644022644	inf	0.5245348898394491
 C003--"回答再開"	5	0.17331336264093425	0.11761904761904762	inf	0.8335174773671215
 C003--"問題プールの共有"	5	0.36222400983383984	0.07349358974358974	inf	0.5920847284465538
 C003--"回答不能"	5	0.26310873862796036	0.10654151404151405	inf	0.7240896620220721
 C003--"TAが問題入力"	6	0.410290834153643	0.11505772005772007	inf	0.5437527000298988
 C003--"設問修正"	5	0.4557858093141277	0.08912809412809414	inf	0.46314751588302866
 C003--"エクスポート"	5	0.40442784697679457	0.07498168498168498	inf	0.5420531990364764
 C003--"遅延確認"	5	0.38190484194962976	0.08912809412809412	inf	0.5759651606633576
 C003--"エクスポート時の文字"	5	0.2172042954257302	0.0861118456706692	inf	0.79770019259479
 C003--"結果がない"	5	0.22384344756494098	0.11452380952380951	inf	0.7645781796361947
 C003--"動作確認"	5	0.4369541754491382	0.10016705516705515	inf	0.5598340749999776
 C003--"回答修正"	5	0.2368562817552775	0.0755320496496967	inf	0.7519327876123488
 C003--"匿名"	8	0.1800869190455264	0.08690337440337441	inf	0.784163703468364
 C003--"問題プール利用"	5	0.22706801120611622	0.11944805194805194	inf	0.8296046173198729
 C003--"問題プールの修正"	5	0.3458837375306825	0.08210229098386994	inf	0.6221577243909112
 C003--"回答用URLの場合の再開"	5	0.3008824737393312	0.07867386698269051	inf	0.6903011118705102
 C003--"遅延回答"	5	0.316753063199808	0.08828463203463205	inf	0.6945439781154701
 C004--"次年度への共有"	5	0.2146792208954221	0.09719336219336219	inf	0.7816832863252745
 C004--"手動によるコンテンツ繰越"	5	0.1169286354351117	0.08987234987234986	inf	0.877903154718012
 C004--"表示確認"	5	0.16161012224557467	0.08682040182040182	inf	0.8581646954604938
 C005--"容量"	6	0.23381959320962079	0.07137312979418244	inf	0.7399225362740186
 C005--"種類"	5	0.3549927036122288	0.10373737373737375	inf	0.7292453813034865
 C005--"消失"	8	0.2336759614386506	0.08980004589248287	inf	0.7914365128993396
 C006--"自己登録の解除"	5	0.3062803586733457	0.06903021814786522	inf	0.6299177831278013
 C006--"学生登録時期"	5	0.25340994174437603	0.10932289932289932	inf	0.6905104486167629
 C006--"教員解除"	5	0.25022661695865434	0.0824925074925075	inf	0.7325359803467358
 C006--"非常勤教員登録"	5	0.2274152930085509	0.07637991093873446	inf	0.7019381354687655
 C006--"情報反映"	5	0.19688147111123172	0.15968253968253968	inf	0.8143766259675231
 C006--"学生登録方法"	7	0.12147993127756695	0.10594035594035593	inf	0.8891006042702668
 C006--"学生解除"	5	0.1841970898693252	0.09467754467754468	inf	0.8035621484343263
 C006--"表示"	11	0.20468271774950425	0.10625076943258759	inf	0.7998318562991411
 C006--"利用"	5	0.1367959227619719	0.1271067821067821	inf	0.8594906740234058
 C006--"教員登録"	8	0.12774221520261225	0.09978563103563107	inf	0.8731987702736127
 C006--"自己登録"	5	0.3284002938007444	0.09152680652680652	inf	0.6270904932247724
 C007--"副科目へのアクセス"	5	0.34840427749212227	0.07093900380665087	inf	0.6220698972580355
 C007--"集約科目の解除"	5	0.3341990878052944	0.22857142857142856	inf	0.6945586649280975
 C007--"非公開授業"	5	0.25375667094953785	0.13035714285714284	inf	0.7399796578890371
 C007--"複数の授業の表示"	5	0.29801670081309967	0.08070929070929071	inf	0.6890566072739898
 C007--"科目集約の設定"	5	0.17730581340404677	0.08593004218004217	inf	0.8456324504645412
 C008--"出欠確認"	5	0.12015622837086919	0.11452380952380951	inf	0.8390386202693897
 C008--"パスワード"	6	0.15129161392558926	0.18320586820586818	inf	0.8721692489395044
 C009--"一斉連絡"	8	0.13227550995967444	0.0918352480852481	inf	0.8610840895056445
 C009--"個別通知"	6	0.35969637972660007	0.08876456876456879	inf	0.696890498053635
 C009--"掲示板スレッド作成"	5	0.16845085986775563	0.11559884559884559	inf	0.7986974656087538
 C009--"機能利用の設定"	5	0.3438320962901267	0.10596070596070595	inf	0.5494181597115979
 C009--"メッセージのセキュリティ"	5	0.26877495042948646	0.07243269587309834	inf	0.6750249686265081
 C009--"お知らせの閲覧"	5	0.04685894046335952	0.11861471861471859	inf	0.9579963963568792
 C009--"掲示板の通知"	5	0.26369699991215234	0.09957070707070706	inf	0.7207050053105183
 C009--"掲示板の閲覧"	5	0.21852412978681063	0.09957070707070706	inf	0.7474769293825713
 C010--"進学時の利用継続"	5	0.1928133132973633	0.09012265512265513	inf	0.8125250113165581
 C010--"登録メールアドレスの変更"	5	0.06277791156037664	0.14246031746031745	inf	0.974018315719481
 C010--"課題通知"	5	0.1966571043838548	0.1519119769119769	inf	0.80273775974158
 C011--"前年度のコースの表示"	5	0.1402908628693735	0.10810606060606061	inf	0.872682508126897
 C011--"機能編集"	5	-0.0050583820494157425	0.1465873015873016	inf	1.015150588602984
 C011--"ログ"	5	0.2558197020426966	0.13913419913419914	inf	0.6536962756054422
 C011--"利用環境"	5	0.11654584642221306	0.18107142857142858	inf	0.8776786444616274
 C011--"学外利用"	5	0.06272233383174344	0.10448773448773448	inf	0.9176538324480369