CID1	CID2	MI	Jaccard	KL	JS
 C001	 C004	0.04489845222920437	0.09510771482845788	inf	0.9686290589000504
 C001	 C005	0.1371764299640861	0.09282669723458312	inf	0.8905724709518422
 C001	 C006	0.025079926565967338	0.100042519647431	inf	0.9870045774347107
 C001	 C007	0.018339070120441413	0.09923846881809058	inf	0.993761964958779
 C001	 C002	0.02371141514702367	0.10210295437681159	inf	0.987935336094462
 C001	 C003	0.009272508743025954	0.09618066076037343	inf	0.9983475827725811
 C001	 C008	0.022988550266818435	0.1084512526985789	inf	0.9998419404191046
 C001	 C009	0.029192155218336947	0.09849429768170972	inf	0.9822250753478345
 C001	 C011	0.029663221933895888	0.11384799697034992	inf	0.984774237485587
 C001	 C010	0.01696188190974402	0.11110980299370393	inf	1.0000944624060932
 C002	 C004	0.022181457547125836	0.09824112472309524	inf	0.9888577426108481
 C002	 C005	0.04520115285676618	0.09586245621330546	inf	0.9752063567175144
 C002	 C006	0.0032182374292967163	0.10362357398882381	inf	1.0086618937242084
 C002	 C007	0.008554505615083204	0.10276016444956529	inf	1.0033362760315883
 C002	 C001	0.02371141514702367	0.10210295437681159	inf	0.987935336094462
 C002	 C003	0.010757467540414614	0.09944422688260653	inf	0.9985931900029069
 C002	 C008	0.008984480965410402	0.11271373380822107	inf	1.0097386401542618
 C002	 C009	0.01389674417371339	0.10189854026698605	inf	0.9970119138938885
 C002	 C011	0.011303967523063467	0.11849496402947504	inf	1.0013837300732766
 C002	 C010	0.041861230045733576	0.11643328446916136	inf	0.9840643877249204
 C003	 C004	0.015318650818188052	0.09278933132796144	inf	0.9911430530244049
 C003	 C005	0.008527818629781537	0.09058382910811867	inf	1.0007144597325652
 C003	 C006	0.004041440331079149	0.0974663432424689	inf	1.0064258487996403
 C003	 C007	0.0002752894401461038	0.09669673217307376	inf	1.0088921720039286
 C003	 C001	0.009272508743025954	0.09618066076037343	inf	0.9983475827725811
 C003	 C002	0.010757467540414614	0.09944422688260653	inf	0.9985931900029069
 C003	 C008	0.0072058697691737205	0.10546935747996251	inf	1.011000662863185
 C003	 C009	0.007821315618533302	0.09601266106714483	inf	1.0009498602293507
 C003	 C011	0.0019201254014500463	0.11062225919317094	inf	1.0131886161563393
 C003	 C010	0.003284472075353525	0.10797440912783386	inf	1.0204308885662507
 C004	 C005	0.035638382295418124	0.08968010016404997	inf	0.9790741559530293
 C004	 C006	0.029175883328414427	0.09630904916836994	inf	0.982516754547564
 C004	 C007	0.03507544495138226	0.09556791650042425	inf	0.9785336661171805
 C004	 C001	0.04489845222920437	0.09510771482845788	inf	0.9686290589000504
 C004	 C002	0.022181457547125836	0.09824112472309524	inf	0.9888577426108481
 C004	 C003	0.015318650818188052	0.09278933132796144	inf	0.9911430530244049
 C004	 C008	0.020453029013205903	0.10398335671062943	inf	1.000849152230149
 C004	 C009	0.02153510743347541	0.0949529252111577	inf	0.9884719959353374
 C004	 C011	0.03262696561148565	0.10896541236541236	inf	0.9822488468317363
 C004	 C010	0.012769384948068391	0.10634145392504527	inf	1.0090071158250875
 C005	 C004	0.035638382295418124	0.08968010016404997	inf	0.9790741559530293
 C005	 C006	0.006436526154187169	0.09399986290318034	inf	1.0065432493343545
 C005	 C007	0.005182727095814668	0.09327550120294131	inf	1.0075674049717551
 C005	 C001	0.1371764299640861	0.09282669723458312	inf	0.8905724709518422
 C005	 C002	0.04520115285676618	0.09586245621330546	inf	0.9752063567175144
 C005	 C003	0.008527818629781537	0.09058382910811867	inf	1.0007144597325652
 C005	 C008	-0.0003561793456662599	0.10144334127365516	inf	1.0194801285146642
 C005	 C009	0.0037393886460093833	0.09267680410260995	inf	1.0050807283239835
 C005	 C011	0.02819398092344927	0.10625545893282573	inf	0.9919681192843327
 C005	 C010	0.004976846353929631	0.10373543777166493	inf	1.0226331711047119
 C006	 C004	0.029175883328414427	0.09630904916836994	inf	0.982516754547564
 C006	 C005	0.006436526154187169	0.09399986290318034	inf	1.0065432493343545
 C006	 C007	0.0596655334123323	0.10067162036033413	inf	0.953609133988911
 C006	 C001	0.025079926565967338	0.100042519647431	inf	0.9870045774347107
 C006	 C002	0.0032182374292967163	0.10362357398882381	inf	1.0086618937242084
 C006	 C003	0.004041440331079149	0.0974663432424689	inf	1.0064258487996403
 C006	 C008	0.01756782206067927	0.11215829737341648	inf	1.0061123444581141
 C006	 C009	0.027316172577251885	0.09984663492067328	inf	0.9883863525559585
 C006	 C011	0.02008984719279399	0.1159064794750131	inf	0.9980213067237123
 C006	 C010	0.04046765726344962	0.11585257410756988	inf	0.9935260090397571
 C007	 C004	0.03507544495138226	0.09556791650042425	inf	0.9785336661171805
 C007	 C005	0.005182727095814668	0.09327550120294131	inf	1.0075674049717551
 C007	 C006	0.0596655334123323	0.10067162036033413	inf	0.953609133988911
 C007	 C001	0.018339070120441413	0.09923846881809058	inf	0.993761964958779
 C007	 C002	0.008554505615083204	0.10276016444956529	inf	1.0033362760315883
 C007	 C003	0.0002752894401461038	0.09669673217307376	inf	1.0088921720039286
 C007	 C008	0.01004906871485818	0.10931927763577073	inf	1.0134879501896297
 C007	 C009	0.017610402116459912	0.099047470936825	inf	0.9936083937167616
 C007	 C011	0.025888174141097942	0.11483339999525759	inf	0.9937004272554428
 C007	 C010	0.011457845426398182	0.11208993975468601	inf	1.0163638274819977
 C008	 C004	0.020453029013205903	0.10398335671062943	inf	1.000849152230149
 C008	 C005	-0.0003561793456662599	0.10144334127365516	inf	1.0194801285146642
 C008	 C006	0.01756782206067927	0.11215829737341648	inf	1.0061123444581141
 C008	 C007	0.01004906871485818	0.10931927763577073	inf	1.0134879501896297
 C008	 C001	0.022988550266818435	0.1084512526985789	inf	0.9998419404191046
 C008	 C002	0.008984480965410402	0.11271373380822107	inf	1.0097386401542618
 C008	 C003	0.0072058697691737205	0.10546935747996251	inf	1.011000662863185
 C008	 C009	0.029727587530305747	0.10819592364773453	inf	1.0016021326261326
 C008	 C011	0.010693055236413316	0.1273654022744932	inf	1.0089547451940284
 C008	 C010	0.006889686061811958	0.13246658965910302	inf	1.0242045482577995
 C009	 C004	0.02153510743347541	0.0949529252111577	inf	0.9884719959353374
 C009	 C005	0.0037393886460093833	0.09267680410260995	inf	1.0050807283239835
 C009	 C006	0.027316172577251885	0.09984663492067328	inf	0.9883863525559585
 C009	 C007	0.017610402116459912	0.099047470936825	inf	0.9936083937167616
 C009	 C001	0.029192155218336947	0.09849429768170972	inf	0.9822250753478345
 C009	 C002	0.01389674417371339	0.10189854026698605	inf	0.9970119138938885
 C009	 C003	0.007821315618533302	0.09601266106714483	inf	1.0009498602293507
 C009	 C008	0.029727587530305747	0.10819592364773453	inf	1.0016021326261326
 C009	 C011	0.017431709137802127	0.11356117269071112	inf	0.9993817972805034
 C009	 C010	0.025805934601563583	0.11082779955370019	inf	0.9974478482340217
 C010	 C004	0.012769384948068391	0.10634145392504527	inf	1.0090071158250875
 C010	 C005	0.004976846353929631	0.10373543777166493	inf	1.0226331711047119
 C010	 C006	0.04046765726344962	0.11585257410756988	inf	0.9935260090397571
 C010	 C007	0.011457845426398182	0.11208993975468601	inf	1.0163638274819977
 C010	 C001	0.01696188190974402	0.11110980299370393	inf	1.0000944624060932
 C010	 C002	0.041861230045733576	0.11643328446916136	inf	0.9840643877249204
 C010	 C003	0.003284472075353525	0.10797440912783386	inf	1.0204308885662507
 C010	 C008	0.006889686061811958	0.13246658965910302	inf	1.0242045482577995
 C010	 C009	0.025805934601563583	0.11082779955370019	inf	0.9974478482340217
 C010	 C011	0.004122189244135068	0.1312674902439608	inf	1.0179147400823472
 C011	 C004	0.03262696561148565	0.10896541236541236	inf	0.9822488468317363
 C011	 C005	0.02819398092344927	0.10625545893282573	inf	0.9919681192843327
 C011	 C006	0.02008984719279399	0.1159064794750131	inf	0.9980213067237123
 C011	 C007	0.025888174141097942	0.11483339999525759	inf	0.9937004272554428
 C011	 C001	0.029663221933895888	0.11384799697034992	inf	0.984774237485587
 C011	 C002	0.011303967523063467	0.11849496402947504	inf	1.0013837300732766
 C011	 C003	0.0019201254014500463	0.11062225919317094	inf	1.0131886161563393
 C011	 C008	0.010693055236413316	0.1273654022744932	inf	1.0089547451940284
 C011	 C009	0.017431709137802127	0.11356117269071112	inf	0.9993817972805034
 C011	 C010	0.004122189244135068	0.1312674902439608	inf	1.0179147400823472